Workbook
Name cost_summary: Cost!$A$1:$N$35
Name Untitled: 'MMLU Pro'!$A$1:$T$36

Sheet Final wMMLUPro-v21
A1: Model | B1: Type | C1: Avg Total Test Score (w MMLU Pro) | D1: Avg CTI Test Score | E1: Avg CTI Benchmark Score | F1: Result Cost | G1: AthenaBench | W1: CyberSOCEval | AB1: CyberMetric | AE1: MMLU-Pro (accuracy)
G2: CKT (Accuracy) | H2: ATE (Accuracy) | I2: RCM (Accuracy) | J2: RMS (F1-score) | M2: VSP (Accuracy) | N2: Threat Actor Attribution (Accuracy) | U2: AB Avg I (Acc) | V2: AB Avg II (Comb) | W2: CyberSOCEval (Accuracy) | AB2: 2000 (acc) | AC2: 10000 (acc) | AD2: Avg | AE2: Summary Score (acc) | AF2: bio | AG2: bus | AH2: chem | AI2: comp sci | AJ2: econ | AK2: eng | AL2: hlth | AM2: hist | AN2: law | AO2: math | AP2: other | AQ2: phil | AR2: phys | AS2: psych | AT2: Count | AU2: Overall Score (micro avg)
G3: CKT: CTI Knowledge Test (MCQ) | H3: ATE: Attack Technique Enumeration | I3: RCM: Root Cause Mapping | J3: RMS: Risk Mitigation Strategy | M3: VSP: Vulnerability Severity Prediction | N3: TAA Classic | Q3: TAA Canonical | T3: Avg (combined) | W3: Malware | Y3: Threat Intel | AA3: Combined (acc)
J4: f1 | K4: plausible_f1 | L4: combined_f1 | N4: accurate | O4: plausible | P4: combined | Q4: accurate | R4: plausible | S4: combined | W4: acc | X4: avg | Y4: acc | Z4: avg
A5: gpt-5.5 | B5: FRONTIER | C5: =AVERAGE(AE5,G5,H5,I5,L5,M5,T5,AA5,AD5) -> 76.859444 | D5: =AVERAGE(G5,H5,I5,J5,M5,T5,W5,Y5,AB5,AC5) -> 73.485 | E5: =AVERAGE(AA5,V5,AD5) -> 72.863333 | F5: =_xlfn.XLOOKUP(A5,Cost!A:A,Cost!N:N,0) -> 508.1321 | G5: 93.66 | H5: 89 | I5: 74.6 | J5: 53.9 | K5: 56.16 | L5: 55.23 | M5: 88.73 | N5: 57 | O5: 78 | P5: 67.5 | Q5: 51.13 | R5: 56.39 | S5: 53.76 | T5: =AVERAGE(P5,S5) -> 60.63 | U5: =AVERAGE(G5,H5,I5,J5,M5,T5) -> 76.753333 | V5: =AVERAGE(T5,M5,L5,I5,H5,G5) -> 76.975 | W5: 29.3 | X5: 57.2 | Y5: 58.4 | Z5: 73.4 | AA5: =AVERAGE(W5:Y5) -> 48.3 | AB5: 95.5 | AC5: 91.13 | AD5: =AVERAGE(AB5,AC5) -> 93.315 | AE5: 88.27 | AF5: 94 | AG5: 92.3 | AH5: 90.7 | AI5: 89 | AJ5: 90.2 | AK5: 84.7 | AL5: 84.1 | AM5: 80.3 | AN5: 78.7 | AO5: 95 | AP5: 84.4 | AQ5: 86.6 | AR5: 91.3 | AS5: 88 | AT5: 12032 | AU5: 88.3
A6: gemini-3-flash-preview | B6: FRONTIER | C6: =AVERAGE(AE6,G6,H6,I6,L6,M6,T6,AA6,AD6) -> 71.668519 | D6: =AVERAGE(G6,H6,I6,J6,M6,T6,W6,Y6,AB6,AC6) -> 68.42 | E6: =AVERAGE(AA6,V6,AD6) -> 69.816667 | F6: =_xlfn.XLOOKUP(A6,Cost!A:A,Cost!N:N,0) -> 1154.1323 | G6: 91.5 | H6: 83.2 | I6: 74.5 | J6: 33.9 | K6: 35.7 | L6: 34.9 | M6: 89 | N6: 37 | O6: 86 | P6: 61.5 | Q6: 21.1 | R6: 26.3 | S6: 23.7 | T6: =AVERAGE(P6,S6) -> 42.6 | U6: =AVERAGE(G6,H6,I6,J6,M6,T6) -> 69.116667 | V6: =AVERAGE(T6,M6,L6,I6,H6,G6) -> 69.283333 | W6: 29 | X6: 58.9 | Y6: 56.3 | Z6: 71.8 | AA6: =AVERAGE(W6:Y6) -> 48.066667 | AB6: 93.9 | AC6: 90.3 | AD6: =AVERAGE(AB6,AC6) -> 92.1 | AE6: 89.15 | AF6: 94.7 | AG6: 92.3 | AH6: 92.5 | AI6: 88.3 | AJ6: 91.6 | AK6: 88.1 | AL6: 82.5 | AM6: 80.6 | AN6: 78.6 | AO6: 96.2 | AP6: 86 | AQ6: 86.2 | AR6: 92.5 | AS6: 89.1 | AT6: 12032 | AU6: 89.2
A7: deepseek-ai/DeepSeek-V4-Pro | B7: PT-OS | C7: =AVERAGE(AE7,G7,H7,I7,L7,M7,T7,AA7,AD7) -> 69.61037 | D7: =AVERAGE(G7,H7,I7,J7,M7,T7,W7,Y7,AB7,AC7) -> 67.89 | E7: =AVERAGE(AA7,V7,AD7) -> 70.422222 | F7: =_xlfn.XLOOKUP(A7,Cost!A:A,Cost!N:N,0) -> 126.3979 | G7: 88.8 | H7: 74.8 | I7: 74.1 | J7: 33.8 | K7: 36.6 | L7: 35.4 | M7: 83.5 | N7: 36 | O7: 77 | P7: 74.8 | Q7: 17.3 | R7: 20.3 | S7: 18.8 | T7: =AVERAGE(P7,S7) -> 46.8 | U7: =AVERAGE(G7,H7,I7,J7,M7,T7) -> 66.966667 | V7: =AVERAGE(T7,M7,L7,I7,H7,G7) -> 67.233333 | W7: 34.6 | X7: 63.2 | Y7: 58.9 | Z7: 73.8 | AA7: =AVERAGE(W7:Y7) -> 52.233333 | AB7: 94.2 | AC7: 89.4 | AD7: =AVERAGE(AB7,AC7) -> 91.8 | AE7: 79.06 | AF7: 89.5 | AG7: 83.8 | AH7: 77.8 | AI7: 82.9 | AJ7: 85.4 | AK7: 56.3 | AL7: 78.2 | AM7: 73.8 | AN7: 64.7 | AO7: 87.7 | AP7: 80.8 | AQ7: 82 | AR7: 81.6 | AS7: 86.2 | AT7: 12032 | AU7: 79.1
A8: gpt-5.2(reasoning=default[medium]) | B8: FRONTIER | C8: =AVERAGE(AE8,G8,H8,I8,L8,M8,T8,AA8,AD8) -> 66.973333 | D8: =AVERAGE(G8,H8,I8,J8,M8,T8,W8,Y8,AB8,AC8) -> 65.029 | E8: =AVERAGE(AA8,V8,AD8) -> 67.475556 | F8: =_xlfn.XLOOKUP(A8,Cost!A:A,Cost!N:N,0) -> 209.6696 | G8: 88.63 | H8: 61.4 | I8: 70.7 | J8: 33.67 | K8: 35.09 | L8: 34.51 | M8: 87.09 | N8: 36 | O8: 83 | P8: 59.5 | Q8: 19.55 | R8: 23.3 | S8: 21.4 | T8: =AVERAGE(P8,S8) -> 40.45 | U8: =AVERAGE(G8,H8,I8,J8,M8,T8) -> 63.656667 | V8: =AVERAGE(T8,M8,L8,I8,H8,G8) -> 63.796667 | W8: 27.68 | X8: 55.69 | Y8: 56.97 | Z8: 72.01 | AA8: =AVERAGE(W8:Y8) -> 46.78 | AB8: 94.05 | AC8: 89.65 | AD8: =AVERAGE(AB8,AC8) -> 91.85 | AE8: 81.35 | AF8: 91.1 | AG8: 82.9 | AH8: 84.6 | AI8: 83.7 | AJ8: 85 | AK8: 67.4 | AL8: 78.5 | AM8: 72.7 | AN8: 68.8 | AO8: 91.1 | AP8: 78.8 | AQ8: 80.4 | AR8: 83.8 | AS8: 85.7 | AT8: 12032 | AU8: 81.3
A9: deepseek-ai/DeepSeek-v3.2-Exp | B9: PT-OS | C9: =AVERAGE(AE9,G9,H9,I9,L9,M9,T9,AA9,AD9) -> 63.921111 | D9: =AVERAGE(G9,H9,I9,J9,M9,T9,W9,Y9,AB9,AC9) -> 62.17 | E9: =AVERAGE(AA9,V9,AD9) -> 65.961111 | F9: =_xlfn.XLOOKUP(A9,Cost!A:A,Cost!N:N,0) -> 11.2394 | G9: 86.6 | H9: 56.4 | I9: 70.4 | J9: 22.7 | K9: 22.7 | L9: 22.7 | M9: 83.7 | N9: 31 | O9: 88 | P9: 59.5 | Q9: 7.5 | R9: 9.8 | S9: 8.7 | T9: =AVERAGE(P9,S9) -> 34.1 | U9: =AVERAGE(G9,H9,I9,J9,M9,T9) -> 58.983333 | V9: =AVERAGE(T9,M9,L9,I9,H9,G9) -> 58.983333 | W9: 28.3 | X9: 57.2 | Y9: 56.1 | Z9: 73.2 | AA9: =AVERAGE(W9:Y9) -> 47.2 | AB9: 94.1 | AC9: 89.3 | AD9: =AVERAGE(AB9,AC9) -> 91.7 | AE9: 82.49 | AF9: 91.2 | AG9: 87.5 | AH9: 86.5 | AI9: 85.6 | AJ9: 87.9 | AK9: 69.2 | AL9: 80.4 | AM9: 73.8 | AN9: 67 | AO9: 90.9 | AP9: 80.5 | AQ9: 81 | AR9: 87.2 | AS9: 82.7 | AT9: 12032 | AU9: 82.6
A10: gemini-2.5-flash | B10: FRONTIER | C10: =AVERAGE(AE10,G10,H10,I10,L10,M10,T10,AA10,AD10) -> 59.761741 | D10: =AVERAGE(G10,H10,I10,J10,M10,T10,W10,Y10,AB10,AC10) -> 57.8649 | E10: =AVERAGE(AA10,V10,AD10) -> 63.436056 | F10: =_xlfn.XLOOKUP(A10,Cost!A:A,Cost!N:N,0) -> 166.2376 | G10: 79 | H10: 51.6 | I10: 65.05 | J10: 12.2 | K10: 12.7 | L10: 12.5 | M10: 78.499 | N10: 30 | O10: 87 | P10: 58.5 | Q10: 4.5 | R10: 6 | S10: 5.3 | T10: =AVERAGE(P10,S10) -> 31.9 | U10: =AVERAGE(G10,H10,I10,J10,M10,T10) -> 53.0415 | V10: =AVERAGE(T10,M10,L10,I10,H10,G10) -> 53.0915 | W10: 30.3 | X10: 60.2 | Y10: 48 | Z10: 67.1 | AA10: =AVERAGE(W10:Y10) -> 46.166667 | AB10: 93.5 | AC10: 88.6 | AD10: =AVERAGE(AB10,AC10) -> 91.05 | AE10: 82.09 | AF10: 91.2 | AG10: 87.8 | AH10: 87.9 | AI10: 85.1 | AJ10: 86 | AK10: 72.3 | AL10: 78 | AM10: 72.7 | AN10: 67.8 | AO10: 87.3 | AP10: 80 | AQ10: 78 | AR10: 86.7 | AS10: 83.2 | AT10: 12032 | AU10: 82.1
A12: asg-ai/athena-cti-sft-qwen25-32b-v21-recal-32b | B12: SFT | C12: =AVERAGE(AE12,G12,H12,I12,L12,M12,T12,AA12,AD12) -> 62.827778 | D12: =AVERAGE(G12,H12,I12,J12,M12,T12,W12,Y12,AB12,AC12) -> 62.915 | E12: =AVERAGE(AA12,V12,AD12) -> 66.311111 | F12: =_xlfn.XLOOKUP(A12,Cost!A:A,Cost!N:N,0) -> 2.8333 | G12: 75.5 | H12: 65.8 | I12: 67.1 | J12: 61.1 | K12: 63.6 | L12: 62.5 | M12: 77.8 | N12: 16 | O12: 85 | P12: 50.5 | Q12: 2.3 | R12: 4.5 | S12: 3.4 | T12: =AVERAGE(P12,S12) -> 26.95 | U12: 60.55 | V12: 66.533333 | W12: 26.4 | X12: 52.5 | Y12: 48.9 | Z12: 67.3 | AA12: =AVERAGE(W12:Y12) -> 42.6 | AB12: 92.2 | AC12: 87.4 | AD12: 89.8 | AE12: 57.4 | AF12: 78.2 | AG12: 56.5 | AH12: 47.7 | AI12: 63.2 | AJ12: 72 | AK12: 48 | AL12: 66.9 | AM12: 55.1 | AN12: 35.6 | AO12: 60.5 | AP12: 59.1 | AQ12: 59.5 | AR12: 49.1 | AS12: 72.4 | AT12: 12032 | AU12: 57.4
A13: asg-ai/athena-cti-sft-qwen25-32b-v21-cse | B13: SFT | C13: =AVERAGE(AE13,G13,H13,I13,L13,M13,T13,AA13,AD13) -> 62.185926 | D13: =AVERAGE(G13,H13,I13,J13,M13,T13,W13,Y13,AB13,AC13) -> 62.355 | E13: =AVERAGE(AA13,V13,AD13) -> 65.816667 | F13: =_xlfn.XLOOKUP(A13,Cost!A:A,Cost!N:N,0) -> 2.175 | G13: 72.5 | H13: 63.4 | I13: 67.7 | J13: 62.4 | K13: 64.7 | L13: 63.7 | M13: 78.9 | N13: 18 | O13: 89 | P13: 53.5 | Q13: 3 | R13: 3.8 | S13: 3.4 | T13: =AVERAGE(P13,S13) -> 28.45 | U13: 60.483333 | V13: 66.616667 | W13: 28.1 | X13: 53.5 | Y13: 44.5 | Z13: 64.3 | AA13: =AVERAGE(W13:Y13) -> 42.033333 | AB13: 91 | AC13: 86.6 | AD13: 88.8 | AE13: 54.19 | AF13: 77.4 | AG13: 49 | AH13: 39.2 | AI13: 61.7 | AJ13: 69.3 | AK13: 40.4 | AL13: 64.5 | AM13: 54.1 | AN13: 41 | AO13: 53.9 | AP13: 56.2 | AQ13: 57.5 | AR13: 46 | AS13: 73.8 | AT13: 12032 | AU13: 54.2
A14: asg-ai/athena-cti-sft-qwen25-32b-v21-recalibrate | B14: SFT | C14: =AVERAGE(AE14,G14,H14,I14,L14,M14,T14,AA14,AD14) -> 62.16037 | D14: =AVERAGE(G14,H14,I14,J14,M14,T14,W14,Y14,AB14,AC14) -> 62.4 | E14: =AVERAGE(AA14,V14,AD14) -> 65.858333 | F14: =_xlfn.XLOOKUP(A14,Cost!A:A,Cost!N:N,0) -> 2.5083 | G14: 76 | H14: 61.6 | I14: 68.25 | J14: 61.9 | K14: 64.8 | L14: 63.6 | M14: 75.7 | N14: 17 | O14: 84 | P14: 50.5 | Q14: 3.8 | R14: 7.5 | S14: 5.6 | T14: =AVERAGE(P14,S14) -> 28.05 | U14: 60.075 | V14: 65.941667 | W14: 27 | X14: 53.2 | Y14: 47.1 | Z14: 66.6 | AA14: =AVERAGE(W14:Y14) -> 42.433333 | AB14: 91.5 | AC14: 86.9 | AD14: 89.2 | AE14: 54.61 | AF14: 77.1 | AG14: 48.8 | AH14: 40.1 | AI14: 62.2 | AJ14: 71 | AK14: 41.3 | AL14: 66.4 | AM14: 54.3 | AN14: 40.4 | AO14: 54.8 | AP14: 55.5 | AQ14: 60.3 | AR14: 45.8 | AS14: 72.7 | AT14: 12032 | AU14: 54.6
A15: asg-ai/athena-cti-sft-qwen25-32b-v21-core | B15: SFT | C15: =AVERAGE(AE15,G15,H15,I15,L15,M15,T15,AA15,AD15) -> 63.235185 | D15: =AVERAGE(G15,H15,I15,J15,M15,T15,W15,Y15,AB15,AC15) -> 61.595 | E15: =AVERAGE(AA15,V15,AD15) -> 62.627778 | F15: =_xlfn.XLOOKUP(A15,Cost!A:A,Cost!N:N,0) -> 2.8833 | G15: 72.9 | H15: 67.2 | I15: 69.8 | J15: 62.4 | K15: 64.8 | L15: 63.8 | M15: 83.1 | N15: 11 | O15: 82 | P15: 46.5 | Q15: 6.8 | R15: 30.1 | S15: 18.4 | T15: =AVERAGE(P15,S15) -> 32.45 | U15: 61.066667 | V15: 67.216667 | W15: 7.8 | X15: 44.3 | Y15: 41.1 | Z15: 63.1 | AA15: =AVERAGE(W15:Y15) -> 31.066667 | AB15: 92 | AC15: 87.2 | AD15: 89.6 | AE15: 59.2 | AF15: 79.1 | AG15: 60.5 | AH15: 52.4 | AI15: 63.4 | AJ15: 72.3 | AK15: 50.3 | AL15: 63.8 | AM15: 54.6 | AN15: 37.8 | AO15: 63.1 | AP15: 59.1 | AQ15: 59.3 | AR15: 55 | AS15: 71.9 | AT15: 12032 | AU15: 59.2
A16: asg-ai/athena-cti-sft-qwen25-32b-v21-taa | B16: SFT | C16: =AVERAGE(AE16,G16,H16,I16,L16,M16,T16,AA16,AD16) -> 63.717778 | D16: =AVERAGE(G16,H16,I16,J16,M16,T16,W16,Y16,AB16,AC16) -> 61.72 | E16: =AVERAGE(AA16,V16,AD16) -> 62.022222 | F16: =_xlfn.XLOOKUP(A16,Cost!A:A,Cost!N:N,0) -> 2.7278 | G16: 75.4 | H16: 63.4 | I16: 69 | J16: 60.2 | K16: 64.8 | L16: 62.9 | M16: 83.5 | N16: 13 | O16: 81 | P16: 47 | Q16: 12.8 | R16: 60.9 | S16: 36.8 | T16: =AVERAGE(P16,S16) -> 41.9 | U16: 60.75 | V16: 66.866667 | W16: 8.4 | X16: 44.4 | Y16: 36.6 | Z16: 60.9 | AA16: =AVERAGE(W16:Y16) -> 29.8 | AB16: 91.9 | AC16: 86.9 | AD16: 89.4 | AE16: 58.16 | AF16: 79.9 | AG16: 59.7 | AH16: 50.8 | AI16: 64.9 | AJ16: 71.7 | AK16: 50.3 | AL16: 63.9 | AM16: 54.6 | AN16: 35.3 | AO16: 60.9 | AP16: 58.5 | AQ16: 58.1 | AR16: 52.3 | AS16: 71.2 | AT16: 12032 | AU16: 58.2
A17: Qwen/Qwen2.5-32B-Instruct | B17: INSTRUCT | C17: =AVERAGE(AE17,G17,H17,I17,L17,M17,T17,AA17,AD17) -> 49.305556 | D17: =AVERAGE(G17,H17,I17,J17,M17,T17,W17,Y17,AB17,AC17) -> 49.61 | E17: =AVERAGE(AA17,V17,AD17) -> 58.972222 | F17: =_xlfn.XLOOKUP(A17,Cost!A:A,Cost!N:N,0) -> 10.6667 | G17: 52.9 | H17: 18.2 | I17: 59.5 | J17: 7.4 | K17: 7.7 | L17: 7.6 | M17: 78.8 | N17: 16 | O17: 80 | P17: 48 | Q17: 1 | R17: 3 | S17: 2 | T17: =AVERAGE(P17,S17) -> 25 | U17: =AVERAGE(G17,H17,I17,J17,M17,N17) -> 38.8 | V17: =AVERAGE(P17,M17,L17,I17,H17,G17) -> 44.166667 | W17: 24.1 | X17: 53.8 | Y17: 49.9 | Z17: 69.1 | AA17: =AVERAGE(W17:Y17) -> 42.6 | AB17: 92.6 | AC17: 87.7 | AD17: =AVERAGE(AB17,AC17) -> 90.15 | AE17: 69 | AF17: 84.4 | AG17: 75.2 | AH17: 70.4 | AI17: 73.9 | AJ17: 77.5 | AK17: 55.2 | AL17: 70.9 | AM17: 58.3 | AN17: 44.3 | AO17: 79.1 | AP17: 66.1 | AQ17: 59.9 | AR17: 72.3 | AS17: 76.3 | AT17: 12032 | AU17: 69
A19: asg-ai/athena-cti-sft-qwen3-30b-a3b-thinking-2507-v21-cse | B19: SFT | C19: =AVERAGE(AE19,G19,H19,I19,L19,M19,T19,AA19,AD19) -> 60.595926 | D19: 60.885 | E19: 63.391667 | F19: =_xlfn.XLOOKUP(A19,Cost!A:A,Cost!N:N,0) -> 6.0694 | G19: 74.5 | H19: 58.6 | I19: 68.5 | J19: 48.7 | K19: 51 | L19: 50.1 | M19: 85 | N19: 14 | O19: 80 | P19: 47 | Q19: 2.3 | R19: 7.5 | S19: 4.9 | T19: 25.95 | U19: 60.208333 | V19: 60.441667 | W19: 22.5 | X19: 53 | Y19: 47.9 | Z19: 68.1 | AA19: =AVERAGE(W19:Y19) -> 41.133333 | AB19: 91 | AC19: 86.2 | AD19: 88.6 | AE19: 52.98 | AF19: 80.6 | AG19: 43.2 | AH19: 40.5 | AI19: 55.4 | AJ19: 69.3 | AK19: 47.5 | AL19: 63.8 | AM19: 61.7 | AN19: 36.6 | AO19: 49.5 | AP19: 52.3 | AQ19: 53.5 | AR19: 44.6 | AS19: 70.9 | AT19: 12032 | AU19: 53
A20: asg-ai/athena-cti-sft-qwen3-30b-a3b-thinking-2507-v21-recalibrate | B20: SFT | C20: =AVERAGE(AE20,G20,H20,I20,L20,M20,T20,AA20,AD20) -> 59.088148 | D20: 59 | E20: 62.316667 | F20: =_xlfn.XLOOKUP(A20,Cost!A:A,Cost!N:N,0) -> 4.4806 | G20: 63.3 | H20: 52.8 | I20: 63 | J20: 48.9 | K20: 52.4 | L20: 50.9 | M20: 83.6 | N20: 16 | O20: 82 | P20: 49 | Q20: 6 | R20: 19.6 | S20: 12.8 | T20: 30.9 | U20: 57.083333 | V20: 57.416667 | W20: 21.5 | X20: 52.3 | Y20: 48.4 | Z20: 68.5 | AA20: =AVERAGE(W20:Y20) -> 40.733333 | AB20: 91.2 | AC20: 86.4 | AD20: 88.8 | AE20: 57.76 | AF20: 80.5 | AG20: 59.8 | AH20: 54.3 | AI20: 59.3 | AJ20: 69.8 | AK20: 47.9 | AL20: 63.7 | AM20: 53.8 | AN20: 33.3 | AO20: 62.8 | AP20: 56 | AQ20: 52.1 | AR20: 56 | AS20: 68.2 | AT20: 12032 | AU20: 57.8
A21: asg-ai/athena-cti-sft-qwen3-30b-a3b-thinking-2507-v21-core | B21: SFT | C21: =AVERAGE(AE21,G21,H21,I21,L21,M21,T21,AA21,AD21) -> 59.962148 | D21: 58.875 | E21: 60.630556 | F21: =_xlfn.XLOOKUP(A21,Cost!A:A,Cost!N:N,0) -> 5.6167 | G21: 67.4 | H21: 54.4 | I21: 68.9 | J21: 53.7 | K21: 56.2 | L21: 55.2 | M21: 81.4 | N21: 21 | O21: 80 | P21: 50.5 | Q21: 6.8 | R21: 17.3 | S21: 12 | T21: 31.25 | U21: 59.508333 | V21: 59.758333 | W21: 10.5 | X21: 45.3 | Y21: 42.4 | Z21: 64.1 | AA21: =AVERAGE(W21:Y21) -> 32.733333 | AB21: 91.9 | AC21: 86.9 | AD21: 89.4 | AE21: 58.976 | AF21: 78 | AG21: 62 | AH21: 56.2 | AI21: 58.8 | AJ21: 71.3 | AK21: 53.6 | AL21: 65.3 | AM21: 54.3 | AN21: 34.7 | AO21: 64.4 | AP21: 55.8 | AQ21: 52.1 | AR21: 56.7 | AS21: 68.3 | AT21: 12032 | AU21: 59
A22: asg-ai/athena-cti-sft-qwen3-30b-a3b-thinking-2507-v21-taa | B22: SFT | C22: =AVERAGE(AE22,G22,H22,I22,L22,M22,T22,AA22,AD22) -> 59.352963 | D22: 58.37 | E22: 60.322222 | F22: =_xlfn.XLOOKUP(A22,Cost!A:A,Cost!N:N,0) -> 5.8861 | G22: 66.3 | H22: 56.4 | I22: 68.3 | J22: 48 | K22: 51.4 | L22: 50 | M22: 79.4 | N22: 15 | O22: 79 | P22: 47 | Q22: 10.5 | R22: 28.6 | S22: 19.6 | T22: 33.3 | U22: 58.616667 | V22: 58.95 | W22: 12 | X22: 45.5 | Y22: 42.9 | Z22: 64.7 | AA22: =AVERAGE(W22:Y22) -> 33.466667 | AB22: 90.9 | AC22: 86.2 | AD22: 88.55 | AE22: 58.46 | AF22: 79.1 | AG22: 63.4 | AH22: 55.9 | AI22: 56.3 | AJ22: 70 | AK22: 50.4 | AL22: 62.8 | AM22: 55.6 | AN22: 34 | AO22: 63 | AP22: 55.4 | AQ22: 51.1 | AR22: 59.7 | AS22: 66.5 | AT22: 12032 | AU22: 58.5
A23: asg-ai/athena-cti-sft-qwen3-30b-a3b-thinking-2507-v21-recal-32b | B23: SFT | C23: =AVERAGE(AE23,G23,H23,I23,L23,M23,T23,AA23,AD23) -> 59.457407 | D23: 58.105 | E23: 59.469444 | F23: =_xlfn.XLOOKUP(A23,Cost!A:A,Cost!N:N,0) -> 5.6528 | G23: 61.1 | H23: 54.8 | I23: 67.3 | J23: 48.3 | K23: 52.2 | L23: 50.6 | M23: 84.2 | N23: 12 | O23: 79 | P23: 45.5 | Q23: 14.3 | R23: 54.1 | S23: 34.2 | T23: 39.85 | U23: 59.258333 | V23: 59.641667 | W23: 20.2 | X23: 51.6 | Y23: 46.9 | Z23: 67.2 | AA23: =AVERAGE(W23:Y23) -> 39.566667 | AB23: 81.4 | AC23: 77 | AD23: 79.2 | AE23: 58.5 | AF23: 76 | AG23: 65 | AH23: 57.2 | AI23: 58.3 | AJ23: 69 | AK23: 48.7 | AL23: 63.8 | AM23: 51.4 | AN23: 33.2 | AO23: 64.6 | AP23: 57.3 | AQ23: 53.5 | AR23: 58.7 | AS23: 66 | AT23: 12032 | AU23: 58.5
A24: Qwen/Qwen3-30B-A3B-Thinking-2507 | B24: INSTRUCT | C24: =AVERAGE(AE24,G24,H24,I24,L24,M24,T24,AA24,AD24) -> 55.423333 | D24: =AVERAGE(G24,H24,I24,J24,M24,T24,W24,Y24,AB24,AC24) -> 54.928 | E24: =AVERAGE(AA24,V24,AD24) -> 61.804444 | F24: =_xlfn.XLOOKUP(A24,Cost!A:A,Cost!N:N,0) -> 192.5611 | G24: 78.7 | H24: 27.2 | I24: 61.1 | J24: 5.2 | K24: 5.4 | L24: 5.3 | M24: 81.18 | N24: 21 | O24: 94 | P24: 57.5 | Q24: 0.8 | R24: 2.3 | S24: 1.5 | T24: =AVERAGE(P24,S24) -> 29.5 | U24: =AVERAGE(G24,H24,I24,J24,M24,T24) -> 47.146667 | V24: =AVERAGE(T24,M24,L24,I24,H24,G24) -> 47.163333 | W24: 31.6 | X24: 58.2 | Y24: 54.5 | Z24: 70.8 | AA24: =AVERAGE(W24:Y24) -> 48.1 | AB24: 92.5 | AC24: 87.8 | AD24: =AVERAGE(AB24,AC24) -> 90.15 | AE24: 77.58 | AF24: 88.3 | AG24: 82 | AH24: 82.8 | AI24: 83.7 | AJ24: 84.7 | AK24: 58.7 | AL24: 75.8 | AM24: 65.6 | AN24: 56.1 | AO24: 90.9 | AP24: 74.8 | AQ24: 71.9 | AR24: 84.4 | AS24: 78.7 | AT24: 12032 | AU24: 77.6
A26: asg-ai/athena-cti-sft-qwen25-14b-v21-taa | B26: SFT | C26: =AVERAGE(AE26,G26,H26,I26,L26,M26,T26,AA26,AD26) -> 61.961111 | D26: =AVERAGE(G26,H26,I26,J26,M26,T26,W26,Y26,AB26,AC26) -> 60.8 | E26: =AVERAGE(AA26,V26,AD26) -> 61.027778 | F26: =_xlfn.XLOOKUP(A26,Cost!A:A,Cost!N:N,0) -> 3.1417 | G26: 71.6 | H26: 62 | I26: 68.3 | J26: 59.1 | K26: 62.1 | L26: 60.8 | M26: 80.7 | N26: 12 | O26: 87 | P26: 49.5 | Q26: 15 | R26: 68.4 | S26: 41.7 | T26: =AVERAGE(P26,S26) -> 45.6 | U26: 58.95 | V26: 65.483333 | W26: 10.5 | X26: 44.5 | Y26: 35 | Z26: 60.2 | AA26: =AVERAGE(W26:Y26) -> 30 | AB26: 89.8 | AC26: 85.4 | AD26: 87.6 | AE26: 51.05 | AF26: 71.4 | AG26: 56.1 | AH26: 44.8 | AI26: 52.9 | AJ26: 62.3 | AK26: 40.6 | AL26: 53.7 | AM26: 47 | AN26: 28.9 | AO26: 57.2 | AP26: 53.2 | AQ26: 47.9 | AR26: 46.1 | AS26: 63.3 | AT26: 12032 | AU26: 51
A27: asg-ai/athena-cti-sft-qwen25-14b-v21-recalibrate | B27: SFT | C27: =AVERAGE(AE27,G27,H27,I27,L27,M27,T27,AA27,AD27) -> 59.811111 | D27: =AVERAGE(G27,H27,I27,J27,M27,T27,W27,Y27,AB27,AC27) -> 59.63 | E27: =AVERAGE(AA27,V27,AD27) -> 62.3 | F27: =_xlfn.XLOOKUP(A27,Cost!A:A,Cost!N:N,0) -> 2.2472 | G27: 70.4 | H27: 61 | I27: 66.9 | J27: 56.4 | K27: 59.2 | L27: 58 | M27: 83.1 | N27: 14 | O27: 86 | P27: 50 | Q27: 2.3 | R27: 4.5 | S27: 3.4 | T27: =AVERAGE(P27,S27) -> 26.7 | U27: 58.633333 | V27: 64.9 | W27: 23.5 | X27: 47.8 | Y27: 35.5 | Z27: 59.4 | AA27: =AVERAGE(W27:Y27) -> 35.6 | AB27: 88.8 | AC27: 84 | AD27: 86.4 | AE27: 50.2 | AF27: 70.3 | AG27: 55.6 | AH27: 43.1 | AI27: 56.8 | AJ27: 63 | AK27: 36.2 | AL27: 55.5 | AM27: 47.5 | AN27: 27.3 | AO27: 54.9 | AP27: 51.7 | AQ27: 47.9 | AR27: 43.8 | AS27: 65.9 | AT27: 12032 | AU27: 50.2
A28: asg-ai/athena-cti-sft-qwen25-14b-v21-core | B28: SFT | C28: =AVERAGE(AE28,G28,H28,I28,L28,M28,T28,AA28,AD28) -> 59.991852 | D28: =AVERAGE(G28,H28,I28,J28,M28,T28,W28,Y28,AB28,AC28) -> 59.1 | E28: =AVERAGE(AA28,V28,AD28) -> 60.8 | F28: =_xlfn.XLOOKUP(A28,Cost!A:A,Cost!N:N,0) -> 3.025 | G28: 69.1 | H28: 60.8 | I28: 68.2 | J28: 59.2 | K28: 62.5 | L28: 61.1 | M28: 82.5 | N28: 13 | O28: 69 | P28: 41 | Q28: 5.3 | R28: 27.1 | S28: 16.2 | T28: =AVERAGE(P28,S28) -> 28.6 | U28: 58.8 | V28: 63.783333 | W28: 9.6 | X28: 44.7 | Y28: 35.9 | Z28: 60.7 | AA28: =AVERAGE(W28:Y28) -> 30.066667 | AB28: 90.9 | AC28: 86.2 | AD28: 88.55 | AE28: 51.01 | AF28: 72 | AG28: 54.1 | AH28: 43 | AI28: 56.6 | AJ28: 64.1 | AK28: 40.2 | AL28: 54.2 | AM28: 46.2 | AN28: 27.5 | AO28: 56.9 | AP28: 53.6 | AQ28: 48.5 | AR28: 46.6 | AS28: 64 | AT28: 12032 | AU28: 51
A29: asg-ai/athena-cti-sft-qwen25-14b-v21-cse | B29: SFT | C29: =AVERAGE(AE29,G29,H29,I29,L29,M29,T29,AA29,AD29) -> 60.164815 | D29: =AVERAGE(G29,H29,I29,J29,M29,T29,W29,Y29,AB29,AC29) -> 59.735 | E29: =AVERAGE(AA29,V29,AD29) -> 60.255556 | F29: =_xlfn.XLOOKUP(A29,Cost!A:A,Cost!N:N,0) -> 0 | G29: 70.6 | H29: 58.2 | I29: 67.3 | J29: 58.8 | K29: 60.8 | L29: 60 | M29: 72.9 | N29: 16 | O29: 81 | P29: 48.5 | Q29: 15 | R29: 78.2 | S29: 46.6 | T29: =AVERAGE(P29,S29) -> 47.55 | U29: 58.8 | V29: 63.783333 | W29: 20.9 | X29: 44.1 | Y29: 31.4 | Z29: 55.9 | AA29: =AVERAGE(W29:Y29) -> 32.133333 | AB29: 87.5 | AC29: 82.2 | AD29: =AVERAGE(AB29,AC29) -> 84.85 | AE29: 47.95 | AF29: 73.22 | AG29: 48.04 | AH29: 36.57 | AI29: 53.17 | AJ29: 62.91 | AK29: 33.02 | AL29: 55.75 | AM29: 48.03 | AN29: 32.79 | AO29: 50.41 | AP29: 48.38 | AQ29: 47.9 | AR29: 39.72 | AS29: 62.53 | AT29: 12032 | AU29: 47.95
A30: Qwen/Qwen2.5-14B-Instruct | B30: INSTRUCT | C30: =AVERAGE(AE30,G30,H30,I30,L30,M30,T30,AA30,AD30) -> 45.311852 | D30: =AVERAGE(G30,H30,I30,J30,M30,T30,W30,Y30,AB30,AC30) -> 46.149 | E30: =AVERAGE(AA30,V30,AD30) -> 56.533333 | F30: =_xlfn.XLOOKUP(A30,Cost!A:A,Cost!N:N,0) -> 6.0806 | G30: 36.8 | H30: 16 | I30: 57.1 | J30: 6.2 | K30: 6.2 | L30: 6.2 | M30: 71.8 | N30: 16 | O30: 88 | P30: 52 | Q30: 0 | R30: 0.75 | S30: 0.38 | T30: =AVERAGE(P30,S30) -> 26.19 | U30: 33.983333 | V30: 39.983333 | W30: 23.3 | X30: 53 | Y30: 47.2 | Z30: 68.5 | AA30: =AVERAGE(W30:Y30) -> 41.166667 | AB30: 91 | AC30: 85.9 | AD30: 88.45 | AE30: 64.1 | AF30: 80.3 | AG30: 71.4 | AH30: 64.1 | AI30: 68 | AJ30: 74.9 | AK30: 45.2 | AL30: 64.3 | AM30: 57 | AN30: 39.1 | AO30: 75.5 | AP30: 63 | AQ30: 55.1 | AR30: 67.5 | AS30: 71.9 | AT30: 12032 | AU30: 64.1
A32: asg-ai/athena-cti-sft-llama31-8b-v21-core | B32: SFT | C32: =AVERAGE(AE32,G32,H32,I32,L32,M32,T32,AA32,AD32) -> 52.682222 | D32: =AVERAGE(G32,H32,I32,J32,M32,T32,W32,Y32,AB32,AC32) -> 51.29 | E32: =AVERAGE(AA32,V32,AD32) -> 50.4 | F32: =_xlfn.XLOOKUP(A32,Cost!A:A,Cost!N:N,0) -> 1.4583 | G32: 64.9 | H32: 62.2 | I32: 65.6 | J32: 60 | K32: 62.2 | L32: 61.3 | M32: 82.1 | N32: 4 | O32: 21 | P32: 12.5 | Q32: 6.8 | R32: 29.3 | S32: 18.1 | T32: =AVERAGE(P32,S32) -> 15.3 | U32: 56.466667 | V32: 58.1 | W32: 4.6 | X32: 39.7 | Y32: 4.6 | Z32: 38.6 | AA32: =AVERAGE(W32:Y32) -> 16.3 | AB32: 78.3 | AC32: 75.3 | AD32: 76.8 | AE32: 29.64 | AF32: 54.3 | AG32: 30.4 | AH32: 18.6 | AI32: 27.6 | AJ32: 37.3 | AK32: 15.7 | AL32: 37.3 | AM32: 32.8 | AN32: 18.3 | AO32: 28.3 | AP32: 32.6 | AQ32: 32.3 | AR32: 24.5 | AS32: 44.1 | AT32: 12032 | AU32: 29.6
A33: asg-ai/athena-cti-sft-llama31-8b-v21-recalibrate | B33: SFT | C33: =AVERAGE(AE33,G33,H33,I33,L33,M33,T33,AA33,AD33) -> 51.91037 | D33: =AVERAGE(G33,H33,I33,J33,M33,T33,W33,Y33,AB33,AC33) -> 50.755 | E33: =AVERAGE(AA33,V33,AD33) -> 50.45 | F33: =_xlfn.XLOOKUP(A33,Cost!A:A,Cost!N:N,0) -> 0.8139 | G33: 59.3 | H33: 60.4 | I33: 67.7 | J33: 57.9 | K33: 60 | L33: 59.1 | M33: 75.3 | N33: 7 | O33: 69 | P33: 38 | Q33: 8.3 | R33: 21.1 | S33: 14.7 | T33: =AVERAGE(P33,S33) -> 26.35 | U33: 54.6 | V33: 59.966667 | W33: 11 | X33: 41.9 | Y33: 6.3 | Z33: 40.2 | AA33: =AVERAGE(W33:Y33) -> 19.733333 | AB33: 72.5 | AC33: 70.8 | AD33: 71.65 | AE33: 27.66 | AF33: 46.2 | AG33: 24.6 | AH33: 20.1 | AI33: 29.3 | AJ33: 34.1 | AK33: 19.2 | AL33: 36.6 | AM33: 26 | AN33: 19.8 | AO33: 23 | AP33: 28.7 | AQ33: 28.3 | AR33: 24.4 | AS33: 41.6 | AT33: 12032 | AU33: 27.7
A34: asg-ai/athena-cti-sft-llama31-8b-v21-taa | B34: SFT | C34: =AVERAGE(AE34,G34,H34,I34,L34,M34,T34,AA34,AD34) -> 51.588889 | D34: =AVERAGE(G34,H34,I34,J34,M34,T34,W34,Y34,AB34,AC34) -> 50.545 | E34: =AVERAGE(AA34,V34,AD34) -> 49.588889 | F34: =_xlfn.XLOOKUP(A34,Cost!A:A,Cost!N:N,0) -> 2.5778 | G34: 62.8 | H34: 55.6 | I34: 63.1 | J34: 56.2 | K34: 58.1 | L34: 57.3 | M34: 67.7 | N34: 6 | O34: 75 | P34: 45.5 | Q34: 15.8 | R34: 70.7 | S34: 43.2 | T34: =AVERAGE(P34,S34) -> 44.35 | U34: 51.9 | V34: 58.666667 | W34: 4.1 | X34: 40.1 | Y34: 2.6 | Z34: 37.8 | AA34: =AVERAGE(W34:Y34) -> 15.6 | AB34: 75.5 | AC34: 73.5 | AD34: 74.5 | AE34: 23.35 | AF34: 44.35 | AG34: 23.19 | AH34: 13.96 | AI34: 18.54 | AJ34: 33.53 | AK34: 16.2 | AL34: 33.13 | AM34: 24.15 | AN34: 16.62 | AO34: 15.32 | AP34: 24.35 | AQ34: 23.85 | AR34: 17.55 | AS34: 38.72 | AT34: 12032 | AU34: 23.35
A35: asg-ai/athena-cti-sft-llama31-8b-v21-cse | B35: SFT | C35: =AVERAGE(AE35,G35,H35,I35,L35,M35,T35,AA35,AD35) -> 46.678148 | D35: =AVERAGE(G35,H35,I35,J35,M35,T35,W35,Y35,AB35,AC35) -> 46.985 | E35: =AVERAGE(AA35,V35,AD35) -> 46.8 | F35: =_xlfn.XLOOKUP(A35,Cost!A:A,Cost!N:N,0) -> 0.7917 | G35: 64.4 | H35: 49.8 | I35: 65.1 | J35: 34.4 | K35: 35.8 | L35: 35.2 | M35: 71 | N35: 2 | O35: 26 | P35: 14 | Q35: 5.3 | R35: 54.1 | S35: 29.7 | T35: =AVERAGE(P35,S35) -> 21.85 | U35: 47.783333 | V35: 49.916667 | W35: 14.6 | X35: 40.7 | Y35: 13.8 | Z35: 45.3 | AA35: =AVERAGE(W35:Y35) -> 23.033333 | AB35: 68.9 | AC35: 66 | AD35: 67.45 | AE35: 22.27 | AF35: 44.8 | AG35: 15.8 | AH35: 14.6 | AI35: 23.4 | AJ35: 31.8 | AK35: 19 | AL35: 26.5 | AM35: 22.6 | AN35: 18.4 | AO35: 14.7 | AP35: 21.6 | AQ35: 21.2 | AR35: 15.2 | AS35: 39.1 | AT35: 12032 | AU35: 22.3
A36: meta-llama/Meta-Llama-3.1-8B-Instruct | B36: INSTRUCT | C36: =AVERAGE(AE36,G36,H36,I36,L36,M36,T36,AA36,AD36) -> 42.675926 | D36: =AVERAGE(G36,H36,I36,J36,M36,T36,W36,Y36,AB36,AC36) -> 43.43 | E36: =AVERAGE(AA36,V36,AD36) -> 51.622222 | F36: =_xlfn.XLOOKUP(A36,Cost!A:A,Cost!N:N,0) -> 4.275 | G36: 59.7 | H36: 12 | I36: 42.1 | J36: 7.8 | K36: 8 | L36: 7.9 | M36: 73.6 | N36: 18 | O36: 64 | P36: 41 | Q36: 3.8 | R36: 14.3 | S36: 9 | T36: =AVERAGE(P36,S36) -> 25 | U36: 35.533333 | V36: 39.383333 | W36: 16.1 | X36: 47.9 | Y36: 29.1 | Z36: 58.3 | AA36: =AVERAGE(W36:Y36) -> 31.033333 | AB36: 86.2 | AC36: 82.7 | AD36: 84.45 | AE36: 48.3 | AF36: 68.6 | AG36: 51.8 | AH36: 42.8 | AI36: 48.8 | AJ36: 57.6 | AK36: 28.2 | AL36: 58.9 | AM36: 46.2 | AN36: 31.2 | AO36: 52.3 | AP36: 50.4 | AQ36: 40.5 | AR36: 43.8 | AS36: 64.8 | AT36: 12032 | AU36: 48.3
A38: asg-ai/athena-cti-sft-foundation-8b-v21-core | B38: SFT | C38: =AVERAGE(AE38,G38,H38,I38,L38,M38,T38,AA38,AD38) -> 54.459259 | D38: =AVERAGE(G38,H38,I38,J38,M38,T38,W38,Y38,AB38,AC38) -> 53.355 | E38: =AVERAGE(AA38,V38,AD38) -> 53.088889 | F38: =_xlfn.XLOOKUP(A38,Cost!A:A,Cost!N:N,0) -> 1.9833 | G38: 62.4 | H38: 62.4 | I38: 67.1 | J38: 58.5 | K38: 60.6 | L38: 59.7 | M38: 84 | N38: 17 | O38: 55 | P38: 36 | Q38: 3.8 | R38: 32.2 | S38: 18.1 | T38: =AVERAGE(P38,S38) -> 27.05 | U38: 58.566667 | V38: 61.933333 | W38: 4.3 | X38: 40.4 | Y38: 8.8 | Z38: 40.8 | AA38: =AVERAGE(W38:Y38) -> 17.833333 | AB38: 81.1 | AC38: 77.9 | AD38: 79.5 | AE38: 30.15 | AF38: 58.2 | AG38: 30.2 | AH38: 20.7 | AI38: 31.7 | AJ38: 40.2 | AK38: 18.9 | AL38: 35.1 | AM38: 31 | AN38: 19.2 | AO38: 26 | AP38: 32.9 | AQ38: 29.1 | AR38: 22 | AS38: 48.2 | AT38: 12032 | AU38: 30.2
A39: asg-ai/athena-cti-sft-foundation-8b-v21-recalibrate | B39: SFT | C39: =AVERAGE(AE39,G39,H39,I39,L39,M39,T39,AA39,AD39) -> 52.442963 | D39: =AVERAGE(G39,H39,I39,J39,M39,T39,W39,Y39,AB39,AC39) -> 53.175 | E39: =AVERAGE(AA39,V39,AD39) -> 53.822222 | F39: =_xlfn.XLOOKUP(A39,Cost!A:A,Cost!N:N,0) -> 1.8667 | G39: 53.8 | H39: 60 | I39: 68.4 | J39: 38.8 | K39: 47.1 | L39: 43.5 | M39: 83.6 | N39: 14 | O39: 67 | P39: 40.5 | Q39: 15.8 | R39: 39.1 | S39: 27.4 | T39: =AVERAGE(P39,S39) -> 33.95 | U39: 53.1 | V39: 58.3 | W39: 16.1 | X39: 41.7 | Y39: 27.9 | Z39: 53.5 | AA39: =AVERAGE(W39:Y39) -> 28.566667 | AB39: 75.3 | AC39: 73.9 | AD39: 74.6 | AE39: 25.57 | AF39: 44.49 | AG39: 23.57 | AH39: 17.84 | AI39: 24.88 | AJ39: 31.99 | AK39: 17.65 | AL39: 28.61 | AM39: 27.56 | AN39: 18.62 | AO39: 23.54 | AP39: 28.79 | AQ39: 24.85 | AR39: 21.25 | AS39: 37.47 | AT39: 12032 | AU39: 25.57
A40: fdtn-ai/Foundation-Sec-8B-Instruct | B40: INSTRUCT | C40: =AVERAGE(AE40,G40,H40,I40,L40,M40,T40,AA40,AD40) -> 51.875556 | D40: =AVERAGE(G40,H40,I40,J40,M40,T40,W40,Y40,AB40,AC40) -> 52.735 | E40: =AVERAGE(AA40,V40,AD40) -> 57.705556 | F40: =_xlfn.XLOOKUP(A40,Cost!A:A,Cost!N:N,0) -> 3.3528 | G40: 77.8 | H40: 36.6 | I40: 65 | J40: 26.9 | K40: 28.2 | L40: 27.7 | M40: 65.3 | N40: 26 | O40: 87 | P40: 56.5 | Q40: 3.8 | R40: 15 | S40: 9.4 | T40: =AVERAGE(P40,S40) -> 32.95 | U40: 49.6 | V40: 54.816667 | W40: 16.8 | X40: 48.4 | Y40: 38.6 | Z40: 62 | AA40: =AVERAGE(W40:Y40) -> 34.6 | AB40: 85.7 | AC40: 81.7 | AD40: 83.7 | AE40: 43.23 | AF40: 64.2 | AG40: 49.2 | AH40: 35.9 | AI40: 47.3 | AJ40: 52.5 | AK40: 26.4 | AL40: 47.2 | AM40: 39.6 | AN40: 25.9 | AO40: 48.9 | AP40: 45.8 | AQ40: 37.3 | AR40: 38.2 | AS40: 58.6 | AT40: 12032 | AU40: 43.2
A41: asg-ai/athena-cti-sft-foundation-8b-v21-cse | B41: SFT | C41: =AVERAGE(AE41,G41,H41,I41,L41,M41,T41,AA41,AD41) -> 41.258148 | D41: =AVERAGE(G41,H41,I41,J41,M41,T41,W41,Y41,AB41,AC41) -> 43.885 | E41: =AVERAGE(AA41,V41,AD41) -> 48.133333 | F41: =_xlfn.XLOOKUP(A41,Cost!A:A,Cost!N:N,0) -> 2.8194 | G41: 38.5 | H41: 27.8 | I41: 45.6 | J41: 33.4 | K41: 38.4 | L41: 36.3 | M41: 87.4 | N41: 1 | O41: 20 | P41: 10.5 | Q41: 4.5 | R41: 21.1 | S41: 12.8 | T41: =AVERAGE(P41,S41) -> 11.65 | U41: 38.95 | V41: 41.016667 | W41: 18.7 | X41: 41.6 | Y41: 27.7 | Z41: 53.4 | AA41: =AVERAGE(W41:Y41) -> 29.333333 | AB41: 74.7 | AC41: 73.4 | AD41: 74.05 | AE41: 20.69 | AF41: 41.6 | AG41: 14.6 | AH41: 12.5 | AI41: 21.2 | AJ41: 31.8 | AK41: 14.9 | AL41: 24.3 | AM41: 24.1 | AN41: 17.3 | AO41: 13 | AP41: 22.8 | AQ41: 20.8 | AR41: 13.9 | AS41: 35.5 | AT41: 12032 | AU41: 20.7
A42: asg-ai/athena-cti-sft-foundation-8b-v21-taa | B42: SFT | C42: =AVERAGE(AE42,G42,H42,I42,L42,M42,T42,AA42,AD42) -> 43.116296 | D42: =AVERAGE(G42,H42,I42,J42,M42,T42,W42,Y42,AB42,AC42) -> 42.915 | E42: =AVERAGE(AA42,V42,AD42) -> 46.055556 | F42: =_xlfn.XLOOKUP(A42,Cost!A:A,Cost!N:N,0) -> 6.8889 | G42: 41.5 | H42: 23 | I42: 52.2 | J42: 50.7 | K42: 54.8 | L42: 53 | M42: 81.2 | N42: 1 | O42: 24 | P42: 12.5 | Q42: 10.5 | R42: 28.6 | S42: 19.6 | T42: =AVERAGE(P42,S42) -> 16.05 | U42: 41.6 | V42: 43.9 | W42: 5.7 | X42: 41.6 | Y42: 5.4 | Z42: 41.4 | AA42: =AVERAGE(W42:Y42) -> 17.566667 | AB42: 78 | AC42: 75.4 | AD42: 76.7 | AE42: 26.83 | AF42: 55 | AG42: 23.8 | AH42: 19.2 | AI42: 30.5 | AJ42: 37 | AK42: 19.8 | AL42: 30.6 | AM42: 31 | AN42: 19.3 | AO42: 17.8 | AP42: 27.7 | AQ42: 24 | AR42: 18.2 | AS42: 46 | AT42: 12032 | AU42: 26.8

Sheet Cost
A1: model_key | B1: model | C1: athena_cost_usd | D1: cybersoceval_cost_usd | E1: cybermetric_cost_usd | F1: mmlu_pro_cost_usd | G1: total_input_tok | H1: total_output_tok | I1: usd_per_1k_tok | J1: wallclock_hours | K1: gpu_hours_billed | L1: billing_basis | M1: reasoning_effort | N1: total_cost_usd
A2: gemini-3-flash-preview | B2: gemini-3-flash | C2: 5.7202 | D2: 78.4613 | E2: 64.4625 | F2: 1005.4883 | G2: 12049618 | H2: 382702497 | I2: 0.002924 | L2: API tokens | M2: default | N2: 1154.1323
A3: gpt-5.5 | B3: gpt5.5 | C3: 202.6194 | D3: 79.1854 | E3: 38.7299 | F3: 187.5974 | G3: 19765005 | H3: 13643569 | I3: 0.01521 | L3: API tokens | M3: medium | N3: 508.1321
A4: gpt-5.2(reasoning=default[medium]) | B4: gpt5.2 | C4: 30.4439 | D4: 23.2834 | E4: 4.0444 | F4: 151.8979 | G4: 22659871 | H4: 12143915 | I4: 0.006024 | L4: API tokens | M4: medium | N4: 209.6696
A5: Qwen/Qwen3-30B-A3B-Thinking-2507 | B5: qwen3-30b-a3b-thinking-2507-vllm | C5: 41.0528 | D5: 12.8833 | E5: 23.3722 | F5: 115.2528 | J5: 38.512 | K5: 77.024 | L5: 2xH100 @ $2.50/hr | N5: 192.5611
A6: gemini-2.5-flash | B6: gemini-2.5-flash | C6: 56.6752 | D6: 12.2585 | E6: 19.0787 | F6: 78.2252 | G6: 20977607 | H6: 63977724 | I6: 0.001957 | L6: API tokens | N6: 166.2376
A7: deepseek-ai/DeepSeek-V4-Pro | B7: deepseek-v4-pro-hf | C7: 0.3222 | D7: 27.9262 | E7: 9.8686 | F7: 88.2809 | G7: 20817369 | H7: 25912563 | I7: 0.002705 | L7: API tokens | N7: 126.3979
A8: deepseek-ai/DeepSeek-V3.1-Terminus | B8: deepseek-v3.1-terminus-hf | C8: 2.4458 | D8: 3.7016 | E8: 0.4794 | F8: 7.7003 | G8: 20321220 | H8: 8840449 | I8: 0.000491 | L8: API tokens | N8: 14.3272
A9: deepseek-ai/DeepSeek-V3.2-Exp | B9: deepseek-v3.2-exp-hf | C9: 0.0062 | D9: 3.6839 | E9: 0.4501 | F9: 7.0992 | G9: 20965383 | H9: 13946977 | I9: 0.000322 | L9: API tokens | N9: 11.2394
A10: Qwen/Qwen2.5-32B-Instruct | B10: qwen2.5-32b-vllm | C10: 2.5361 | D10: 0.6139 | E10: 0.2306 | F10: 7.2861 | J10: 2.133 | K10: 4.267 | L10: 2xH100 @ $2.50/hr | N10: 10.6667
A11: asg-ai/athena-cti-sft-foundation-8b-v21-taa | B11: athena-cti-sft-foundation-8b-v21-taa-vllm | C11: 1.2722 | D11: 1.1778 | E11: 0.725 | F11: 3.7139 | J11: 1.378 | K11: 2.756 | L11: 2xH100 @ $2.50/hr | N11: 6.8889
A12: Qwen/Qwen2.5-14B-Instruct | B12: qwen2.5-14b-vllm | C12: 1.4278 | D12: 0.3917 | E12: 0.1667 | F12: 4.0944 | J12: 1.216 | K12: 2.432 | L12: 2xH100 @ $2.50/hr | N12: 6.0806
A13: asg-ai/athena-cti-sft-qwen3-30b-a3b-thinking-2507-v21-cse | B13: asg-ai_athena-cti-sft-qwen3-30b-a3b-thinking-2507-v21-cse | C13: 4.9833 | D13: 0.3444 | E13: 0.3528 | F13: 0.3889 | J13: 1.214 | K13: 2.428 | L13: 2xH100 @ $2.50/hr | N13: 6.0694
A14: asg-ai/athena-cti-sft-qwen3-30b-a3b-thinking-2507-v21-taa | B14: athena-cti-sft-qwen3-30b-a3b-thinking-2507-v21-taa-no-think-vllm | C14: 2.9889 | D14: 0.3472 | E14: 0.5028 | F14: 2.0472 | J14: 1.177 | K14: 2.354 | L14: 2xH100 @ $2.50/hr | N14: 5.8861
A15: asg-ai/athena-cti-sft-qwen3-30b-a3b-thinking-2507-v21-recal-32b | B15: athena-cti-sft-qwen3-30b-a3b-thinking-2507-v21-recal-32b-no-think-vllm | C15: 2.1278 | D15: 0.3472 | E15: 1.2222 | F15: 1.9556 | J15: 1.131 | K15: 2.261 | L15: 2xH100 @ $2.50/hr | N15: 5.6528
A16: asg-ai/athena-cti-sft-qwen3-30b-a3b-thinking-2507-v21-core | B16: athena-cti-sft-qwen3-30b-a3b-thinking-2507-v21-core-no-think-vllm | C16: 3.175 | D16: 0.3583 | E16: 0.3389 | F16: 1.7444 | J16: 1.123 | K16: 2.247 | L16: 2xH100 @ $2.50/hr | N16: 5.6167
A17: Qwen/Qwen3-30B-A3B-Instruct-2507 | B17: qwen3-30b-a3b-instruct-2507-vllm | C17: 3.8444 | D17: 0.3389 | E17: 0.3278 | J17: 0.902 | K17: 1.804 | L17: 2xH100 @ $2.50/hr | N17: 4.5111
A18: asg-ai/athena-cti-sft-qwen3-30b-a3b-thinking-2507-v21-recalibrate | B18: athena-cti-sft-qwen3-30b-a3b-thinking-2507-v21-recalibrate-no-think-vllm | C18: 2.0861 | D18: 0.3417 | E18: 0.3333 | F18: 1.7194 | J18: 0.896 | K18: 1.792 | L18: 2xH100 @ $2.50/hr | N18: 4.4806
A19: meta-llama/Meta-Llama-3.1-8B-Instruct | B19: llama-3-8b-vllm | C19: 1.0889 | D19: 0.325 | E19: 0.1167 | F19: 2.7444 | J19: 0.855 | K19: 1.71 | L19: 2xH100 @ $2.50/hr | N19: 4.275
A20: fdtn-ai/Foundation-Sec-8B-Instruct | B20: foundation-8b-instruct-vllm | C20: 0.5306 | D20: 0.1833 | E20: 0.1167 | F20: 2.5222 | J20: 0.671 | K20: 1.341 | L20: 2xH100 @ $2.50/hr | N20: 3.3528
A21: asg-ai/athena-cti-sft-qwen25-14b-v21-taa | B21: athena-cti-sft-qwen25-14b-v21-taa-vllm | C21: 1.2889 | D21: 0.5778 | E21: 0.1972 | F21: 1.0778 | J21: 0.628 | K21: 1.257 | L21: 2xH100 @ $2.50/hr | N21: 3.1417
A22: asg-ai/athena-cti-sft-qwen25-14b-v21-core | B22: athena-cti-sft-qwen25-14b-v21-core-vllm | C22: 1.2389 | D22: 0.7111 | E22: 0.1917 | F22: 0.8833 | J22: 0.605 | K22: 1.21 | L22: 2xH100 @ $2.50/hr | N22: 3.025
A23: asg-ai/athena-cti-sft-qwen25-32b-v21-core | B23: athena-cti-sft-qwen25-32b-v21-core-vllm | C23: 1.0667 | D23: 0.65 | E23: 0.2333 | F23: 0.9333 | J23: 0.577 | K23: 1.153 | L23: 2xH100 @ $2.50/hr | N23: 2.8833
A24: asg-ai/athena-cti-sft-qwen25-32b-v21-recal-32b | B24: athena-cti-sft-qwen25-32b-v21-recal-32b-vllm | C24: 1.2194 | D24: 0.5944 | E24: 0.2333 | F24: 0.7861 | J24: 0.567 | K24: 1.133 | L24: 2xH100 @ $2.50/hr | N24: 2.8333
A25: asg-ai/athena-cti-sft-foundation-8b-v21-cse | B25: athena-cti-sft-foundation-8b-v21-cse-vllm | C25: 0.825 | D25: 0.2583 | E25: 0.4444 | F25: 1.2917 | J25: 0.564 | K25: 1.128 | L25: 2xH100 @ $2.50/hr | N25: 2.8194
A26: asg-ai/athena-cti-sft-qwen25-32b-v21-taa | B26: athena-cti-sft-qwen25-32b-v21-taa-vllm | C26: 0.9833 | D26: 0.6528 | E26: 0.2278 | F26: 0.8639 | J26: 0.546 | K26: 1.091 | L26: 2xH100 @ $2.50/hr | N26: 2.7278
A27: asg-ai/athena-cti-sft-llama31-8b-v21-taa | B27: athena-cti-sft-llama31-8b-v21-taa-vllm | C27: 0.6222 | D27: 0.8944 | E27: 0.1194 | F27: 0.9417 | J27: 0.516 | K27: 1.031 | L27: 2xH100 @ $2.50/hr | N27: 2.5778
A28: asg-ai/athena-cti-sft-qwen25-32b-v21-recalibrate | B28: athena-cti-sft-qwen25-32b-v21-recalibrate-vllm | C28: 1.0361 | D28: 0.5889 | E28: 0.2361 | F28: 0.6472 | J28: 0.502 | K28: 1.003 | L28: 2xH100 @ $2.50/hr | N28: 2.5083
A29: asg-ai/athena-cti-sft-qwen25-14b-v21-recalibrate | B29: athena-cti-sft-qwen25-14b-v21-recalibrate-vllm | C29: 0.8444 | D29: 0.5611 | E29: 0.2 | F29: 0.6417 | J29: 0.449 | K29: 0.899 | L29: 2xH100 @ $2.50/hr | N29: 2.2472
... A35: asg-ai/athena-cti-sft-llama31-8b-v21-cse | B35: athena-cti-sft-llama31-8b-v21-cse-vllm | C35: 0.2861 | D35: 0.1861 | E35: 0.1194 | F35: 0.2 | J35: 0.158 | K35: 0.317 | L35: 2xH100 @ $2.50/hr | N35: 0.7917
A38: ftdn-ai/Foundation-Sec-8B-Instruct

Sheet MMLU Pro
B1: model | C1: biolog | D1: busine | E1: chemis | F1: comput | G1: econom | H1: engine | I1: health | J1: histor | K1: law | L1: math | M1: other | N1: philos | O1: physic | P1: psycho | Q1: N | R1: overall | S1: parse%
B2: --- | C2: --- | D2: --- | E2: --- | F2: --- | G2: --- | H2: --- | I2: --- | J2: --- | K2: --- | L2: --- | M2: --- | N2: --- | O2: --- | P2: --- | Q2: --- | R2: --- | S2: ---
B3: Qwen_Qwen2.5-14B-Instruct | C3: 80.3 | D3: 71.4 | E3: 64.1 | F3: 68 | G3: 74.9 | H3: 45.2 | I3: 64.3 | J3: 57 | K3: 39.1 | L3: 75.5 | M3: 63 | N3: 55.1 | O3: 67.5 | P3: 71.9 | Q3: 12032 | R3: 64.1 | S3: 1.1
B4: Qwen_Qwen2.5-32B-Instruct | C4: 84.4 | D4: 75.2 | E4: 70.4 | F4: 73.9 | G4: 77.5 | H4: 55.2 | I4: 70.9 | J4: 58.3 | K4: 44.3 | L4: 79.1 | M4: 66.1 | N4: 59.9 | O4: 72.3 | P4: 76.2 | Q4: 12032 | R4: 69 | S4: 0.4
B5: asg-ai_athena-cti-sft-qwen3-30b-a3b-thinking-2507-v21-cse | C5: 80.6 | D5: 43.2 | E5: 40.5 | F5: 55.4 | G5: 69.3 | H5: 47.5 | I5: 63.8 | J5: 61.7 | K5: 36.6 | L5: 49.5 | M5: 52.3 | N5: 53.5 | O5: 44.6 | P5: 70.9 | Q5: 12032 | R5: 53 | S5: 0
B6: athena-cti-sft-foundation-8b-v21-core-vllm | C6: 58.2 | D6: 30.2 | E6: 20.7 | F6: 31.7 | G6: 40.2 | H6: 18.9 | I6: 35.1 | J6: 31 | K6: 19.2 | L6: 26 | M6: 32.9 | N6: 29.1 | O6: 22 | P6: 48.2 | Q6: 12032 | R6: 30.2 | S6: 0.7
B7: athena-cti-sft-foundation-8b-v21-cse-vllm | C7: 41.6 | D7: 14.6 | E7: 12.5 | F7: 21.2 | G7: 31.8 | H7: 14.9 | I7: 24.3 | J7: 24.1 | K7: 17.3 | L7: 13 | M7: 22.8 | N7: 20.8 | O7: 13.9 | P7: 35.5 | Q7: 12032 | R7: 20.7 | S7: 0.2
B8: athena-cti-sft-foundation-8b-v21-taa-vllm | C8: 55 | D8: 23.8 | E8: 19.2 | F8: 30.5 | G8: 37 | H8: 19.8 | I8: 30.6 | J8: 31 | K8: 19.3 | L8: 17.8 | M8: 27.7 | N8: 24 | O8: 18.2 | P8: 46 | Q8: 12032 | R8: 26.8 | S8: 0.6
B9: athena-cti-sft-llama31-8b-v21-core-vllm | C9: 54.3 | D9: 30.4 | E9: 18.6 | F9: 27.6 | G9: 37.3 | H9: 15.7 | I9: 37.3 | J9: 32.8 | K9: 18.3 | L9: 28.3 | M9: 32.6 | N9: 32.3 | O9: 24.5 | P9: 44.1 | Q9: 12032 | R9: 29.6 | S9: 8.4
B10: athena-cti-sft-llama31-8b-v21-cse-vllm | C10: 44.8 | D10: 15.8 | E10: 14.6 | F10: 23.4 | G10: 31.8 | H10: 19 | I10: 26.5 | J10: 22.6 | K10: 18.4 | L10: 14.7 | M10: 21.6 | N10: 21.2 | O10: 15.2 | P10: 39.1 | Q10: 12032 | R10: 22.3 | S10: 0.4
B11: athena-cti-sft-llama31-8b-v21-recalibrate-vllm | C11: 46.2 | D11: 24.6 | E11: 20.1 | F11: 29.3 | G11: 34.1 | H11: 19.2 | I11: 36.6 | J11: 26 | K11: 19.8 | L11: 23 | M11: 28.7 | N11: 28.3 | O11: 24.4 | P11: 41.6 | Q11: 12032 | R11: 27.7 | S11: 5.3
B12: athena-cti-sft-llama31-8b-v21-taa-vllm | C12: 44.4 | D12: 23.2 | E12: 14 | F12: 18.5 | G12: 33.5 | H12: 16.2 | I12: 33.1 | J12: 24.1 | K12: 16.6 | L12: 15.3 | M12: 24.4 | N12: 23.8 | O12: 17.6 | P12: 38.7 | Q12: 12032 | R12: 23.3 | S12: 19.5
B13: athena-cti-sft-qwen25-14b-v21-core-vllm | C13: 72 | D13: 54.1 | E13: 43 | F13: 56.6 | G13: 64.1 | H13: 40.2 | I13: 54.2 | J13: 46.2 | K13: 27.5 | L13: 56.9 | M13: 53.6 | N13: 48.5 | O13: 46.6 | P13: 64 | Q13: 12032 | R13: 51 | S13: 0.8
B14: athena-cti-sft-qwen25-14b-v21-recalibrate-vllm | C14: 70.3 | D14: 55.6 | E14: 43.1 | F14: 56.8 | G14: 63 | H14: 36.2 | I14: 55.5 | J14: 47.5 | K14: 27.3 | L14: 54.9 | M14: 51.7 | N14: 47.9 | O14: 43.8 | P14: 65.9 | Q14: 12032 | R14: 50.2 | S14: 0.4
... B25: athena-cti-sft-qwen3-30b-a3b-thinking-2507-v21-taa-no-think-vllm | C25: 79.1 | D25: 63.4 | E25: 55.9 | F25: 56.3 | G25: 70 | H25: 50.4 | I25: 62.8 | J25: 55.6 | K25: 34 | L25: 63 | M25: 55.4 | N25: 51.1 | O25: 59.7 | P25: 66.5 | Q25: 12032 | R25: 58.5 | S25: 1.9
B26: deepseek-v3.1-terminus-hf | C26: ‚Äî | D26: 78.3 | E26: ‚Äî | F26: ‚Äî | G26: ‚Äî | H26: ‚Äî | I26: ‚Äî | J26: ‚Äî | K26: ‚Äî | L26: ‚Äî | M26: ‚Äî | N26: ‚Äî | O26: ‚Äî | P26: ‚Äî | Q26: 23 | R26: 78.3 | S26: 0
B27: deepseek-v3.2-exp-hf | C27: 91.2 | D27: 87.5 | E27: 86.5 | F27: 85.6 | G27: 87.9 | H27: 69.2 | I27: 80.4 | J27: 73.8 | K27: 67 | L27: 90.9 | M27: 80.5 | N27: 81 | O27: 87.2 | P27: 82.7 | Q27: 12032 | R27: 82.6 | S27: 0.3
B28: deepseek-v4-pro-hf | C28: 89.5 | D28: 83.8 | E28: 77.8 | F28: 82.9 | G28: 85.4 | H28: 56.3 | I28: 78.2 | J28: 73.8 | K28: 64.7 | L28: 87.7 | M28: 80.8 | N28: 82 | O28: 81.6 | P28: 86.2 | Q28: 12032 | R28: 79.1 | S28: 0.9
B29: foundation-8b-instruct-vllm | C29: 64.2 | D29: 49.2 | E29: 35.9 | F29: 47.3 | G29: 52.5 | H29: 26.4 | I29: 47.2 | J29: 39.6 | K29: 25.9 | L29: 48.9 | M29: 45.8 | N29: 37.3 | O29: 38.2 | P29: 58.6 | Q29: 12032 | R29: 43.2 | S29: 1.1
B30: gemini-2.5-flash | C30: 91.2 | D30: 87.8 | E30: 87.9 | F30: 85.1 | G30: 86 | H30: 72.3 | I30: 78 | J30: 72.7 | K30: 67.8 | L30: 87.3 | M30: 80 | N30: 78 | O30: 86.7 | P30: 83.2 | Q30: 12032 | R30: 82.1 | S30: 0.7
B31: gemini-3-flash | C31: 94.7 | D31: 92.3 | E31: 92.5 | F31: 88.3 | G31: 91.6 | H31: 88.1 | I31: 82.5 | J31: 80.6 | K31: 78.6 | L31: 96.2 | M31: 86 | N31: 86.2 | O31: 92.5 | P31: 89.1 | Q31: 12032 | R31: 89.2 | S31: 0.1
B32: gpt5.2 | C32: 91.1 | D32: 82.9 | E32: 84.6 | F32: 83.7 | G32: 85 | H32: 67.4 | I32: 78.5 | J32: 72.7 | K32: 68.8 | L32: 91.1 | M32: 78.8 | N32: 80.4 | O32: 83.8 | P32: 85.7 | Q32: 12032 | R32: 81.3 | S32: 0.2
B33: gpt5.2-high | C33: 93 | D33: 91.3 | E33: 90.4 | F33: 88.5 | G33: 89.3 | H33: 82 | I33: 81.4 | J33: 75.1 | K33: 75.7 | L33: 93.3 | M33: 82.1 | N33: 84.2 | O33: 89.8 | P33: 86 | Q33: 12032 | R33: 86.4 | S33: 0.3
B34: gpt5.5 | C34: 94 | D34: 92.3 | E34: 90.7 | F34: 89 | G34: 90.2 | H34: 84.7 | I34: 84.1 | J34: 80.3 | K34: 78.7 | L34: 95 | M34: 84.4 | N34: 86.6 | O34: 91.3 | P34: 88 | Q34: 12032 | R34: 88.3 | S34: 0.2
B35: llama-3-8b-vllm | C35: 68.6 | D35: 51.8 | E35: 42.8 | F35: 48.8 | G35: 57.6 | H35: 28.2 | I35: 58.9 | J35: 46.2 | K35: 31.2 | L35: 52.3 | M35: 50.4 | N35: 40.5 | O35: 43.8 | P35: 64.8 | Q35: 12032 | R35: 48.3 | S35: 7.3
B36: qwen3-30b-a3b-thinking-2507-vllm | C36: 88.3 | D36: 82 | E36: 82.8 | F36: 83.7 | G36: 84.7 | H36: 58.7 | I36: 75.8 | J36: 65.6 | K36: 56.1 | L36: 90.9 | M36: 74.8 | N36: 71.9 | O36: 84.4 | P36: 78.7 | Q36: 12032 | R36: 77.6 | S36: 5.7

Sheet Final  (v21) 14B 32B
B1: AthenaBench | T1: CyberSOCEval | Y1: CyberMetric | AB1: Total Score (Avg) | AC1: Weighted Avg Total Score
A2: Model | B2: Type | C2: MMLU-Pro (accuracy) | D2: CKT (Accuracy) | E2: ATE (Accuracy) | F2: RCM (Accuracy) | G2: RMS (F1-score) | J2: VSP (Accuracy) | K2: Threat Actor Attribution (Accuracy) | R2: AB Avg I (Acc) | S2: AB Avg II (Comb) | T2: CyberSOCEval (Accuracy) | Y2: 2000 (acc) | Z2: 10000 (acc) | AA2: Avg
D3: CKT: CTI Knowledge Test (MCQ) | E3: ATE: Attack Technique Enumeration | F3: RCM: Root Cause Mapping | G3: RMS: Risk Mitigation Strategy | J3: VSP: Vulnerability Severity Prediction | K3: TAA Classic | N3: TAA Canonical | Q3: Avg (combined) | T3: Malware | V3: Threat Intel | X3: Combined (acc)
G4: f1 | H4: plausible_f1 | I4: combined_f1 | K4: accurate | L4: plausible | M4: combined | N4: accurate | O4: plausible | P4: combined | T4: acc | U4: avg | V4: acc | W4: avg
A5: gemini-3-flash-preview | B5: FRONTIER | D5: 91.5 | E5: 83.2 | F5: 74.5 | G5: 33.9 | H5: 35.7 | I5: 34.9 | J5: 89 | K5: 37 | L5: 86 | M5: 61.5 | N5: 21.1 | O5: 26.3 | P5: 23.7 | Q5: =AVERAGE(M5,P5) -> 42.6 | R5: =AVERAGE(D5,E5,F5,G5,J5,Q5) -> 69.116667 | S5: =AVERAGE(Q5,J5,I5,F5,E5,D5) -> 69.283333 | T5: 29 | U5: 58.9 | V5: 56.3 | W5: 71.8 | X5: =AVERAGE(T5:V5) -> 48.066667 | Y5: 93.9 | Z5: 90.3 | AA5: =AVERAGE(Y5,Z5) -> 92.1 | AB5: =AVERAGE(X5,S5,AA5) -> 69.816667 | AC5: =AVERAGE(D5,E5,F5,G5,J5,Q5,T5,V5,Y5,Z5) -> 68.42
A6: deepseek-ai/DeepSeek-V4-Pro | B6: PT-OS | D6: 88.8 | E6: 74.8 | F6: 74.1 | G6: 33.8 | H6: 36.6 | I6: 35.4 | J6: 83.5 | K6: 36 | L6: 77 | M6: 74.8 | N6: 17.3 | O6: 20.3 | P6: 18.8 | Q6: =AVERAGE(M6,P6) -> 46.8 | R6: =AVERAGE(D6,E6,F6,G6,J6,Q6) -> 66.966667 | S6: =AVERAGE(Q6,J6,I6,F6,E6,D6) -> 67.233333 | T6: 34.6 | U6: 63.2 | V6: 58.9 | W6: 73.8 | X6: =AVERAGE(T6:V6) -> 52.233333 | Y6: 94.2 | Z6: 89.4 | AA6: =AVERAGE(Y6,Z6) -> 91.8 | AB6: =AVERAGE(X6,S6,AA6) -> 70.422222 | AC6: =AVERAGE(D6,E6,F6,G6,J6,Q6,T6,V6,Y6,Z6) -> 67.89
A7: gpt-5.2 (effort=high) | B7: FRONTIER | D7: 91.5 | E7: 74.4 | F7: 72.4 | G7: 35.7 | H7: 35.7 | I7: 35.7 | J7: 85.9 | K7: 49 | L7: 86 | M7: 67.5 | N7: 30.1 | O7: 33.8 | P7: 32 | Q7: =AVERAGE(M7,P7) -> 49.75 | R7: =AVERAGE(D7,E7,F7,G7,J7,Q7) -> 68.275 | S7: =AVERAGE(Q7,J7,I7,F7,E7,D7) -> 68.275 | T7: 28.5 | U7: 56.7 | V7: 55.9 | W7: 71.8 | X7: =AVERAGE(T7:V7) -> 47.033333 | Y7: 94.3 | Z7: 90.3 | AA7: =AVERAGE(Y7,Z7) -> 92.3 | AB7: =AVERAGE(X7,S7,AA7) -> 69.202778 | AC7: =AVERAGE(D7,E7,F7,G7,J7,Q7,T7,V7,Y7,Z7) -> 67.865
A8: asg-ai/athena-cti-sft-qwen25-32b-v21-recal-32b | B8: SFT | C8: 57.4 | D8: 75.5 | E8: 65.8 | F8: 67.1 | G8: 61.1 | H8: 63.6 | I8: 62.5 | J8: 77.8 | K8: 16 | L8: 85 | M8: 50.5 | N8: 2.3 | O8: 4.5 | P8: 3.4 | Q8: =AVERAGE(M8,P8) -> 26.95 | R8: =AVERAGE(D8,E8,F8,G8,J8,Q8) -> 62.375 | S8: =AVERAGE(Q8,J8,I8,F8,E8,D8) -> 62.608333 | T8: 26.4 | U8: 52.5 | V8: 48.9 | W8: 67.3 | X8: =AVERAGE(T8:V8) -> 42.6 | Y8: 92.2 | Z8: 87.4 | AA8: =AVERAGE(Y8,Z8) -> 89.8 | AB8: =AVERAGE(X8,S8,AA8) -> 65.002778 | AC8: =AVERAGE(D8,E8,F8,G8,J8,Q8,T8,V8,Y8,Z8) -> 62.915
A9: deepseek-ai/DeepSeek-v3.2-Exp | B9: PT-OS | D9: 86.6 | E9: 56.4 | F9: 70.4 | G9: 22.7 | H9: 22.7 | I9: 22.7 | J9: 83.7 | K9: 31 | L9: 88 | M9: 59.5 | N9: 7.5 | O9: 9.8 | P9: 8.7 | Q9: =AVERAGE(M9,P9) -> 34.1 | R9: =AVERAGE(D9,E9,F9,G9,J9,Q9) -> 58.983333 | S9: =AVERAGE(Q9,J9,I9,F9,E9,D9) -> 58.983333 | T9: 28.3 | U9: 57.2 | V9: 56.1 | W9: 73.2 | X9: =AVERAGE(T9:V9) -> 47.2 | Y9: 94.1 | Z9: 89.3 | AA9: =AVERAGE(Y9,Z9) -> 91.7 | AB9: =AVERAGE(X9,S9,AA9) -> 65.961111 | AC9: =AVERAGE(D9,E9,F9,G9,J9,Q9,T9,V9,Y9,Z9) -> 62.17
A10: deepseek-ai/DeepSeek-V3.1-Terminus | B10: PT-OS | D10: 85.7 | E10: 57.8 | F10: 69.3 | G10: 21.6 | H10: 22.8 | I10: 22.3 | J10: 82.7 | K10: 32 | L10: 88 | M10: 60 | N10: 7.5 | O10: 10.5 | P10: 9 | Q10: =AVERAGE(M10,P10) -> 34.5 | R10: =AVERAGE(D10,E10,F10,G10,J10,Q10) -> 58.6 | S10: =AVERAGE(Q10,J10,I10,F10,E10,D10) -> 58.716667 | T10: 27.7 | U10: 56.8 | V10: 56.6 | W10: 73.9 | X10: =AVERAGE(T10:V10) -> 47.033333 | Y10: 94 | Z10: 89.3 | AA10: =AVERAGE(Y10,Z10) -> 91.65 | AB10: =AVERAGE(X10,S10,AA10) -> 65.8 | AC10: =AVERAGE(D10,E10,F10,G10,J10,Q10,T10,V10,Y10,Z10) -> 61.92
A11: asg-ai/athena-cti-sft-qwen3-30b-a3b-thinking-2507-v21-cse | B11: SFT | C11: 52.98 | D11: 74.5 | E11: 58.6 | F11: 68.5 | G11: 48.7 | H11: 51 | I11: 50.1 | J11: 85 | K11: 14 | L11: 80 | M11: 47 | N11: 2.3 | O11: 7.5 | P11: 4.9 | Q11: =AVERAGE(M11,P11) -> 25.95 | R11: =AVERAGE(D11,E11,F11,G11,J11,Q11) -> 60.208333 | S11: =AVERAGE(Q11,J11,I11,F11,E11,D11) -> 60.441667 | T11: 22.5 | U11: 53 | V11: 47.9 | W11: 68.1 | X11: =AVERAGE(T11:V11) -> 41.133333 | Y11: 91 | Z11: 86.2 | AA11: =AVERAGE(Y11,Z11) -> 88.6 | AB11: =AVERAGE(X11,S11,AA11) -> 63.391667 | AC11: =AVERAGE(D11,E11,F11,G11,J11,Q11,T11,V11,Y11,Z11) -> 60.885
A12: asg-ai/athena-cti-sft-qwen25-14b-v21-recalibrate | B12: SFT | C12: 50.2 | D12: 70.4 | E12: 61 | F12: 66.9 | G12: 56.4 | H12: 59.2 | I12: 58 | J12: 83.1 | K12: 14 | L12: 86 | M12: 50 | N12: 2.3 | O12: 4.5 | P12: 3.4 | Q12: =AVERAGE(M12,P12) -> 26.7 | R12: =AVERAGE(D12,E12,F12,G12,J12,Q12) -> 60.75 | S12: =AVERAGE(Q12,J12,I12,F12,E12,D12) -> 61.016667 | T12: 23.5 | U12: 47.8 | V12: 35.5 | W12: 59.4 | X12: =AVERAGE(T12:V12) -> 35.6 | Y12: 88.8 | Z12: 84 | AA12: =AVERAGE(Y12,Z12) -> 86.4 | AB12: =AVERAGE(X12,S12,AA12) -> 61.005556 | AC12: =AVERAGE(D12,E12,F12,G12,J12,Q12,T12,V12,Y12,Z12) -> 59.63
A13: asg-ai/athena-cti-sft-qwen3-30b-a3b-thinking-2507-v21-recalibrate | B13: SFT | D13: 63.3 | E13: 52.8 | F13: 63 | G13: 48.9 | H13: 52.4 | I13: 50.9 | J13: 83.6 | K13: 16 | L13: 82 | M13: 49 | N13: 6 | O13: 19.6 | P13: 12.8 | Q13: =AVERAGE(M13,P13) -> 30.9 | R13: =AVERAGE(D13,E13,F13,G13,J13,Q13) -> 57.083333 | S13: =AVERAGE(Q13,J13,I13,F13,E13,D13) -> 57.416667 | T13: 21.5 | U13: 52.3 | V13: 48.4 | W13: 68.5 | X13: =AVERAGE(T13:V13) -> 40.733333 | Y13: 91.2 | Z13: 86.4 | AA13: =AVERAGE(Y13,Z13) -> 88.8 | AB13: =AVERAGE(X13,S13,AA13) -> 62.316667 | AC13: =AVERAGE(D13,E13,F13,G13,J13,Q13,T13,V13,Y13,Z13) -> 59
A14: asg-ai/athena-cti-sft-qwen3-30b-a3b-thinking-2507-v21-core | B14: SFT | D14: 67.4 | E14: 54.4 | F14: 68.9 | G14: 53.7 | H14: 56.2 | I14: 55.2 | J14: 81.4 | K14: 21 | L14: 80 | M14: 50.5 | N14: 6.8 | O14: 17.3 | P14: 12 | Q14: =AVERAGE(M14,P14) -> 31.25 | R14: =AVERAGE(D14,E14,F14,G14,J14,Q14) -> 59.508333 | S14: =AVERAGE(Q14,J14,I14,F14,E14,D14) -> 59.758333 | T14: 10.5 | U14: 45.3 | V14: 42.4 | W14: 64.1 | X14: =AVERAGE(T14:V14) -> 32.733333 | Y14: 91.9 | Z14: 86.9 | AA14: =AVERAGE(Y14,Z14) -> 89.4 | AB14: =AVERAGE(X14,S14,AA14) -> 60.630556 | AC14: =AVERAGE(D14,E14,F14,G14,J14,Q14,T14,V14,Y14,Z14) -> 58.875
A15: asg-ai/athena-cti-sft-qwen3-30b-a3b-thinking-2507-v21-taa | B15: SFT | D15: 66.3 | E15: 56.4 | F15: 68.3 | G15: 48 | H15: 51.4 | I15: 50 | J15: 79.4 | K15: 15 | L15: 79 | M15: 47 | N15: 10.5 | O15: 28.6 | P15: 19.6 | Q15: =AVERAGE(M15,P15) -> 33.3 | R15: =AVERAGE(D15,E15,F15,G15,J15,Q15) -> 58.616667 | S15: =AVERAGE(Q15,J15,I15,F15,E15,D15) -> 58.95 | T15: 12 | U15: 45.5 | V15: 42.9 | W15: 64.7 | X15: =AVERAGE(T15:V15) -> 33.466667 | Y15: 90.9 | Z15: 86.2 | AA15: =AVERAGE(Y15,Z15) -> 88.55 | AB15: =AVERAGE(X15,S15,AA15) -> 60.322222 | AC15: =AVERAGE(D15,E15,F15,G15,J15,Q15,T15,V15,Y15,Z15) -> 58.37
A16: asg-ai/athena-cti-sft-qwen3-30b-a3b-thinking-2507-v21-recal-32b | B16: SFT | D16: 61.1 | E16: 54.8 | F16: 67.3 | G16: 48.3 | H16: 52.2 | I16: 50.6 | J16: 84.2 | K16: 12 | L16: 79 | M16: 45.5 | N16: 14.3 | O16: 54.1 | P16: 34.2 | Q16: =AVERAGE(M16,P16) -> 39.85 | R16: =AVERAGE(D16,E16,F16,G16,J16,Q16) -> 59.258333 | S16: =AVERAGE(Q16,J16,I16,F16,E16,D16) -> 59.641667 | T16: 20.2 | U16: 51.6 | V16: 46.9 | W16: 67.2 | X16: =AVERAGE(T16:V16) -> 39.566667 | Y16: 81.4 | Z16: 77 | AA16: =AVERAGE(Y16,Z16) -> 79.2 | AB16: =AVERAGE(X16,S16,AA16) -> 59.469444 | AC16: =AVERAGE(D16,E16,F16,G16,J16,Q16,T16,V16,Y16,Z16) -> 58.105
A17: gemini-2.5-flash | B17: FRONTIER | D17: 79 | E17: 51.6 | F17: 65.05 | G17: 12.2 | H17: 12.7 | I17: 12.5 | J17: 78.499 | K17: 30 | L17: 87 | M17: 58.5 | N17: 4.5 | O17: 6 | P17: 5.3 | Q17: =AVERAGE(M17,P17) -> 31.9 | R17: =AVERAGE(D17,E17,F17,G17,J17,Q17) -> 53.0415 | S17: =AVERAGE(Q17,J17,I17,F17,E17,D17) -> 53.0915 | T17: 30.3 | U17: 60.2 | V17: 48 | W17: 67.1 | X17: =AVERAGE(T17:V17) -> 46.166667 | Y17: 93.5 | Z17: 88.6 | AA17: =AVERAGE(Y17,Z17) -> 91.05 | AB17: =AVERAGE(X17,S17,AA17) -> 63.436056 | AC17: =AVERAGE(D17,E17,F17,G17,J17,Q17,T17,V17,Y17,Z17) -> 57.8649
A18: Qwen/Qwen3-30B-A3B-Thinking-2507 | B18: INSTRUCT | C18: 77.58 | D18: 78.7 | E18: 27.2 | F18: 61.1 | G18: 5.2 | H18: 5.4 | I18: 5.3 | J18: 81.18 | K18: 21 | L18: 94 | M18: 57.5 | N18: 0.8 | O18: 2.3 | P18: 1.5 | Q18: =AVERAGE(M18,P18) -> 29.5 | R18: =AVERAGE(D18,E18,F18,G18,J18,Q18) -> 47.146667 | S18: =AVERAGE(Q18,J18,I18,F18,E18,D18) -> 47.163333 | T18: 31.6 | U18: 58.2 | V18: 54.5 | W18: 70.8 | X18: =AVERAGE(T18:V18) -> 48.1 | Y18: 92.5 | Z18: 87.8 | AA18: =AVERAGE(Y18,Z18) -> 90.15 | AB18: =AVERAGE(X18,S18,AA18) -> 61.804444 | AC18: =AVERAGE(D18,E18,F18,G18,J18,Q18,T18,V18,Y18,Z18) -> 54.928
A19: asg-ai/athena-cti-sft-foundation-8b-v21-recalibrate | B19: SFT | D19: 53.8 | E19: 60 | F19: 68.4 | G19: 38.8 | H19: 47.1 | I19: 43.5 | J19: 83.6 | K19: 14 | L19: 67 | M19: 40.5 | N19: 15.8 | O19: 39.1 | P19: 27.4 | Q19: =AVERAGE(M19,P19) -> 33.95 | R19: =AVERAGE(D19,E19,F19,G19,J19,Q19) -> 56.425 | S19: =AVERAGE(Q19,J19,I19,F19,E19,D19) -> 57.208333 | T19: 16.1 | U19: 41.7 | V19: 27.9 | W19: 53.5 | X19: =AVERAGE(T19:V19) -> 28.566667 | Y19: 75.3 | Z19: 73.9 | AA19: =AVERAGE(Y19,Z19) -> 74.6 | AB19: =AVERAGE(X19,S19,AA19) -> 53.458333 | AC19: =AVERAGE(D19,E19,F19,G19,J19,Q19,T19,V19,Y19,Z19) -> 53.175
A20: ftdn-ai/Foundation-Sec-8B-Instruct | B20: INSTRUCT | D20: 77.8 | E20: 36.6 | F20: 65 | G20: 26.9 | H20: 28.2 | I20: 27.7 | J20: 65.3 | K20: 26 | L20: 87 | M20: 56.5 | N20: 3.8 | O20: 15 | P20: 9.4 | Q20: =AVERAGE(M20,P20) -> 32.95 | R20: =AVERAGE(D20,E20,F20,G20,J20,Q20) -> 50.758333 | S20: =AVERAGE(Q20,J20,I20,F20,E20,D20) -> 50.891667 | T20: 16.8 | U20: 48.4 | V20: 38.6 | W20: 62 | X20: =AVERAGE(T20:V20) -> 34.6 | Y20: 85.7 | Z20: 81.7 | AA20: =AVERAGE(Y20,Z20) -> 83.7 | AB20: =AVERAGE(X20,S20,AA20) -> 56.397222 | AC20: =AVERAGE(D20,E20,F20,G20,J20,Q20,T20,V20,Y20,Z20) -> 52.735
A21: asg-ai/athena-cti-sft-llama31-8b-v21-recalibrate | B21: SFT | C21: 27.66 | D21: 59.3 | E21: 60.4 | F21: 67.7 | G21: 57.9 | H21: 60 | I21: 59.1 | J21: 75.3 | K21: 7 | L21: 69 | M21: 38 | N21: 8.3 | O21: 21.1 | P21: 14.7 | Q21: =AVERAGE(M21,P21) -> 26.35 | R21: =AVERAGE(D21,E21,F21,G21,J21,Q21) -> 57.825 | S21: =AVERAGE(Q21,J21,I21,F21,E21,D21) -> 58.025 | T21: 11 | U21: 41.9 | V21: 6.3 | W21: 40.2 | X21: =AVERAGE(T21:V21) -> 19.733333 | Y21: 72.5 | Z21: 70.8 | AA21: =AVERAGE(Y21,Z21) -> 71.65 | AB21: =AVERAGE(X21,S21,AA21) -> 49.802778 | AC21: =AVERAGE(D21,E21,F21,G21,J21,Q21,T21,V21,Y21,Z21) -> 50.755
A22: Qwen/Qwen2.5-32B-Instruct | B22: INSTRUCT | C22: 69 | D22: 52.9 | E22: 18.2 | F22: 59.5 | G22: 7.4 | H22: 7.7 | I22: 7.6 | J22: 78.8 | K22: 16 | L22: 80 | M22: 48 | N22: 1 | O22: 3 | P22: 2 | Q22: =AVERAGE(M22,P22) -> 25 | R22: =AVERAGE(D22,E22,F22,G22,J22,Q22) -> 40.3 | S22: =AVERAGE(Q22,J22,I22,F22,E22,D22) -> 40.333333 | T22: 24.1 | U22: 53.8 | V22: 49.9 | W22: 69.1 | X22: =AVERAGE(T22:V22) -> 42.6 | Y22: 92.6 | Z22: 87.7 | AA22: =AVERAGE(Y22,Z22) -> 90.15 | AB22: =AVERAGE(X22,S22,AA22) -> 57.694444 | AC22: =AVERAGE(D22,E22,F22,G22,J22,Q22,T22,V22,Y22,Z22) -> 49.61
A23: mistralai/Mistral-Small-3.2-24B-Instruct-2506 | B23: INSTRUCT | D23: 39.4 | E23: 32.6 | F23: 57.6 | G23: 7.6 | H23: 7.7 | I23: 7.7 | J23: 73.3 | K23: 10 | L23: 40 | M23: 25 | N23: 3 | O23: 13.5 | P23: 8.3 | Q23: =AVERAGE(M23,P23) -> 16.65 | R23: =AVERAGE(D23,E23,F23,G23,J23,Q23) -> 37.858333 | S23: =AVERAGE(Q23,J23,I23,F23,E23,D23) -> 37.875 | T23: 23 | U23: 53.7 | V23: 49.2 | W23: 69.8 | X23: =AVERAGE(T23:V23) -> 41.966667 | Y23: 91.4 | Z23: 87 | AA23: =AVERAGE(Y23,Z23) -> 89.2 | AB23: =AVERAGE(X23,S23,AA23) -> 56.347222 | AC23: =AVERAGE(D23,E23,F23,G23,J23,Q23,T23,V23,Y23,Z23) -> 47.775
A24: Qwen/Qwen3-30B-A3B-Instruct-2507 (thinking) | B24: INSTRUCT | D24: 35.8 | E24: 21.8 | F24: 57.2 | G24: 5.5 | H24: 5.5 | I24: 5.5 | J24: 73.9 | K24: 22 | L24: 96 | M24: 59 | N24: 0 | O24: 2.3 | P24: 1.1 | Q24: =AVERAGE(M24,P24) -> 30.05 | R24: =AVERAGE(D24,E24,F24,G24,J24,Q24) -> 37.375 | S24: =AVERAGE(Q24,J24,I24,F24,E24,D24) -> 37.375 | T24: 20.2 | U24: 52.8 | V24: 49.8 | W24: 69.6 | X24: =AVERAGE(T24:V24) -> 40.933333 | Y24: 92.3 | Z24: 87.9 | AA24: =AVERAGE(Y24,Z24) -> 90.1 | AB24: =AVERAGE(X24,S24,AA24) -> 56.136111 | AC24: =AVERAGE(D24,E24,F24,G24,J24,Q24,T24,V24,Y24,Z24) -> 47.445
A25: Qwen/Qwen2.5-14B-Instruct | B25: INSTRUCT | C25: 64.1 | D25: 36.8 | E25: 16 | F25: 57.1 | G25: 6.2 | H25: 6.2 | I25: 6.2 | J25: 71.8 | K25: 16 | L25: 88 | M25: 52 | N25: 0 | O25: 0.75 | P25: 0.38 | Q25: =AVERAGE(M25,P25) -> 26.19 | R25: =AVERAGE(D25,E25,F25,G25,J25,Q25) -> 35.681667 | S25: =AVERAGE(Q25,J25,I25,F25,E25,D25) -> 35.681667 | T25: 23.3 | U25: 53 | V25: 47.2 | W25: 68.5 | X25: =AVERAGE(T25:V25) -> 41.166667 | Y25: 91 | Z25: 85.9 | AA25: =AVERAGE(Y25,Z25) -> 88.45 | AB25: =AVERAGE(X25,S25,AA25) -> 55.099444 | AC25: =AVERAGE(D25,E25,F25,G25,J25,Q25,T25,V25,Y25,Z25) -> 46.149
A26: meta-llama/Meta-Llama-3.1-8B-Instruct | B26: INSTRUCT | C26: 48.25 | D26: 59.7 | E26: 12 | F26: 42.1 | G26: 7.8 | H26: 8 | I26: 7.9 | J26: 73.6 | K26: 18 | L26: 64 | M26: 41 | N26: 3.8 | O26: 14.3 | P26: 9 | Q26: =AVERAGE(M26,P26) -> 25 | R26: =AVERAGE(D26,E26,F26,G26,J26,Q26) -> 36.7 | S26: =AVERAGE(Q26,J26,I26,F26,E26,D26) -> 36.716667 | T26: 16.1 | U26: 47.9 | V26: 29.1 | W26: 58.3 | X26: =AVERAGE(T26:V26) -> 31.033333 | Y26: 86.2 | Z26: 82.7 | AA26: =AVERAGE(Y26,Z26) -> 84.45 | AB26: =AVERAGE(X26,S26,AA26) -> 50.733333 | AC26: =AVERAGE(D26,E26,F26,G26,J26,Q26,T26,V26,Y26,Z26) -> 43.43
A27: Qwen/Qwen3-30B-A3B-Instruct-2507 (non-thinking) | B27: INSTRUCT | D27: 18.1 | E27: 25.2 | F27: 38.5 | G27: 6.9 | H27: 7 | I27: 7 | J27: 84.6 | K27: 6 | L27: 39 | M27: 22.5 | N27: 0.8 | O27: 24.8 | P27: 12.8 | Q27: =AVERAGE(M27,P27) -> 17.65 | R27: =AVERAGE(D27,E27,F27,G27,J27,Q27) -> 31.825 | S27: =AVERAGE(Q27,J27,I27,F27,E27,D27) -> 31.841667 | T27: 37.5 | U27: 65.4 | V27: 61.2 | W27: 76.6 | X27: =AVERAGE(T27:V27) -> 54.7 | Y27: 20.2 | Z27: 19.7 | AA27: =AVERAGE(Y27,Z27) -> 19.95 | AB27: =AVERAGE(X27,S27,AA27) -> 35.497222 | AC27: =AVERAGE(D27,E27,F27,G27,J27,Q27,T27,V27,Y27,Z27) -> 32.955

Sheet Prod Target (v21)
B1: AthenaBench | R1: CyberSOCEval | W1: CyberMetric | Z1: Total Score (Avg) | AA1: Weighted Avg Total Score
A2: Model | B2: Type | C2: CKT (Accuracy) | D2: ATE (Accuracy) | E2: RCM (Accuracy) | F2: RMS (F1-score) | I2: VSP (Accuracy) | J2: Threat Actor Attribution (Accuracy) | P2: AB Avg I (Acc) | Q2: AB Avg II (Comb) | R2: CyberSOCEval (Accuracy) | W2: 2000 (acc) | X2: 10000 (acc) | Y2: Avg
C3: CKT: CTI Knowledge Test (MCQ) | D3: ATE: Attack Technique Enumeration | E3: RCM: Root Cause Mapping | F3: RMS: Risk Mitigation Strategy | I3: VSP: Vulnerability Severity Prediction | J3: TAA Classic | M3: TAA Canonical | R3: Malware | T3: Threat Intel | V3: Combined (acc)
F4: f1 | G4: plausible_f1 | H4: combined_f1 | J4: accurate | K4: plausible | L4: combined | M4: accurate | N4: plausible | O4: combined | R4: acc | S4: avg | T4: acc | U4: avg
A5: deepseek-ai/DeepSeek-V4-Pro | B5: PT-OS | C5: 88.8 | D5: 74.8 | E5: 74.1 | F5: 33.8 | G5: 36.6 | H5: 35.4 | I5: 83.5 | J5: 36 | K5: 77 | L5: 74.8 | P5: =AVERAGE(C5,D5,E5,F5,I5,J5) -> 65.166667 | Q5: =AVERAGE(L5,I5,H5,E5,D5,C5) -> 71.9 | R5: 34.6 | S5: 63.2 | T5: 58.9 | U5: 73.8 | V5: =AVERAGE(R5:T5) -> 52.233333 | W5: 94.2 | X5: 89.4 | Y5: =AVERAGE(W5,X5) -> 91.8 | Z5: =AVERAGE(V5,Q5,Y5) -> 71.977778 | AA5: =AVERAGE(C5,D5,E5,F5,I5,L5,R5,T5,W5,X5) -> 70.69
A6: gemini-3-flash-preview | B6: FRONTIER | C6: 91.5 | D6: 83.2 | E6: 74.5 | F6: 33.9 | G6: 35.7 | H6: 34.9 | I6: 89 | J6: 37 | K6: 86 | L6: 61.5 | P6: =AVERAGE(C6,D6,E6,F6,I6,J6) -> 68.183333 | Q6: =AVERAGE(L6,I6,H6,E6,D6,C6) -> 72.433333 | R6: 29 | S6: 58.9 | T6: 56.3 | U6: 71.8 | V6: =AVERAGE(R6:T6) -> 48.066667 | W6: 93.9 | X6: 90.3 | Y6: =AVERAGE(W6,X6) -> 92.1 | Z6: =AVERAGE(V6,Q6,Y6) -> 70.866667 | AA6: =AVERAGE(C6,D6,E6,F6,I6,L6,R6,T6,W6,X6) -> 70.31
A7: gpt-5.2-high | B7: FRONTIER | C7: 91.5 | D7: 74.4 | E7: 72.4 | F7: 35.7 | G7: 35.7 | H7: 35.7 | I7: 85.9 | J7: 49 | K7: 86 | L7: 67.5 | P7: =AVERAGE(C7,D7,E7,F7,I7,J7) -> 68.15 | Q7: =AVERAGE(L7,I7,H7,E7,D7,C7) -> 71.233333 | R7: 28.5 | S7: 56.7 | T7: 55.9 | U7: 71.8 | V7: =AVERAGE(R7:T7) -> 47.033333 | W7: 94.3 | X7: 90.3 | Y7: =AVERAGE(W7,X7) -> 92.3 | Z7: =AVERAGE(V7,Q7,Y7) -> 70.188889 | AA7: =AVERAGE(C7,D7,E7,F7,I7,L7,R7,T7,W7,X7) -> 69.64
A8: asg-ai/athena-cti-sft-qwen25-32b-v21-recal-32b | B8: SFT | C8: 75.5 | D8: 65.8 | E8: 67.1 | F8: 61.1 | G8: 63.6 | H8: 62.5 | I8: 77.8 | J8: 16 | K8: 85 | L8: 50.5 | M8: 2.3 | N8: 4.5 | O8: 3.4 | P8: =AVERAGE(C8,D8,E8,F8,I8,J8) -> 60.55 | Q8: =AVERAGE(L8,I8,H8,E8,D8,C8) -> 66.533333 | R8: 26.4 | S8: 52.5 | T8: 48.9 | U8: 67.3 | V8: =AVERAGE(R8:T8) -> 42.6 | W8: 92.2 | X8: 87.4 | Y8: =AVERAGE(W8,X8) -> 89.8 | Z8: =AVERAGE(V8,Q8,Y8) -> 66.311111 | AA8: =AVERAGE(C8,D8,E8,F8,I8,L8,R8,T8,W8,X8) -> 65.27
A9: asg-ai/athena-cti-sft-qwen25-32b-v21-cse | B9: SFT | C9: 72.5 | D9: 63.4 | E9: 67.7 | F9: 62.4 | G9: 64.7 | H9: 63.7 | I9: 78.9 | J9: 18 | K9: 89 | L9: 53.5 | M9: 3 | N9: 3.8 | O9: 3.4 | P9: =AVERAGE(C9,D9,E9,F9,I9,J9) -> 60.483333 | Q9: =AVERAGE(L9,I9,H9,E9,D9,C9) -> 66.616667 | R9: 28.1 | S9: 53.5 | T9: 44.5 | U9: 64.3 | V9: =AVERAGE(R9:T9) -> 42.033333 | W9: 91 | X9: 86.6 | Y9: =AVERAGE(W9,X9) -> 88.8 | Z9: =AVERAGE(V9,Q9,Y9) -> 65.816667 | AA9: =AVERAGE(C9,D9,E9,F9,I9,L9,R9,T9,W9,X9) -> 64.86
A10: deepseek-ai/DeepSeek-v3.2-Exp | B10: PT-OS | C10: 86.6 | D10: 56.4 | E10: 70.4 | F10: 22.7 | G10: 22.7 | H10: 22.7 | I10: 83.7 | J10: 31 | K10: 88 | L10: 59.5 | P10: =AVERAGE(C10,D10,E10,F10,I10,J10) -> 58.466667 | Q10: =AVERAGE(L10,I10,H10,E10,D10,C10) -> 63.216667 | R10: 28.3 | S10: 57.2 | T10: 56.1 | U10: 73.2 | V10: =AVERAGE(R10:T10) -> 47.2 | W10: 94.1 | X10: 89.3 | Y10: =AVERAGE(W10,X10) -> 91.7 | Z10: =AVERAGE(V10,Q10,Y10) -> 67.372222 | AA10: =AVERAGE(C10,D10,E10,F10,I10,L10,R10,T10,W10,X10) -> 64.71
A11: asg-ai/athena-cti-sft-qwen25-32b-v21-recalibrate | B11: SFT | C11: 76 | D11: 61.6 | E11: 68.25 | F11: 61.9 | G11: 64.8 | H11: 63.6 | I11: 75.7 | J11: 17 | K11: 84 | L11: 50.5 | M11: 3.8 | N11: 7.5 | O11: 5.6 | P11: =AVERAGE(C11,D11,E11,F11,I11,J11) -> 60.075 | Q11: =AVERAGE(L11,I11,H11,E11,D11,C11) -> 65.941667 | R11: 27 | S11: 53.2 | T11: 47.1 | U11: 66.6 | V11: =AVERAGE(R11:T11) -> 42.433333 | W11: 91.5 | X11: 86.9 | Y11: =AVERAGE(W11,X11) -> 89.2 | Z11: =AVERAGE(V11,Q11,Y11) -> 65.858333 | AA11: =AVERAGE(C11,D11,E11,F11,I11,L11,R11,T11,W11,X11) -> 64.645
A12: deepseek-ai/DeepSeek-V3.1-Terminus | B12: PT-OS | C12: 85.7 | D12: 57.8 | E12: 69.3 | F12: 21.6 | G12: 22.8 | H12: 22.3 | I12: 82.7 | J12: 32 | K12: 88 | L12: 60 | M12: 7.5 | N12: 10.5 | O12: 9 | P12: =AVERAGE(C12,D12,E12,F12,I12,J12) -> 58.183333 | Q12: =AVERAGE(L12,I12,H12,E12,D12,C12) -> 62.966667 | R12: 27.7 | S12: 56.8 | T12: 56.6 | U12: 73.9 | V12: =AVERAGE(R12:T12) -> 47.033333 | W12: 94 | X12: 89.3 | Y12: =AVERAGE(W12,X12) -> 91.65 | Z12: =AVERAGE(V12,Q12,Y12) -> 67.216667 | AA12: =AVERAGE(C12,D12,E12,F12,I12,L12,R12,T12,W12,X12) -> 64.47
A13: asg-ai/athena-cti-sft-qwen25-32b-v21-core | B13: SFT | C13: 72.9 | D13: 67.2 | E13: 69.8 | F13: 62.4 | G13: 64.8 | H13: 63.8 | I13: 83.1 | J13: 11 | K13: 82 | L13: 46.5 | M13: 6.8 | N13: 30.1 | O13: 18.4 | P13: =AVERAGE(C13,D13,E13,F13,I13,J13) -> 61.066667 | Q13: =AVERAGE(L13,I13,H13,E13,D13,C13) -> 67.216667 | R13: 7.8 | S13: 44.3 | T13: 41.1 | U13: 63.1 | V13: =AVERAGE(R13:T13) -> 31.066667 | W13: 92 | X13: 87.2 | Y13: =AVERAGE(W13,X13) -> 89.6 | Z13: =AVERAGE(V13,Q13,Y13) -> 62.627778 | AA13: =AVERAGE(C13,D13,E13,F13,I13,L13,R13,T13,W13,X13) -> 63
A14: asg-ai/athena-cti-sft-qwen25-32b-v21-taa | B14: SFT | C14: 75.4 | D14: 63.4 | E14: 69 | F14: 60.2 | G14: 64.8 | H14: 62.9 | I14: 83.5 | J14: 13 | K14: 81 | L14: 47 | M14: 12.8 | N14: 60.9 | O14: 36.8 | P14: =AVERAGE(C14,D14,E14,F14,I14,J14) -> 60.75 | Q14: =AVERAGE(L14,I14,H14,E14,D14,C14) -> 66.866667 | R14: 8.4 | S14: 44.4 | T14: 36.6 | U14: 60.9 | V14: =AVERAGE(R14:T14) -> 29.8 | W14: 91.9 | X14: 86.9 | Y14: =AVERAGE(W14,X14) -> 89.4 | Z14: =AVERAGE(V14,Q14,Y14) -> 62.022222 | AA14: =AVERAGE(C14,D14,E14,F14,I14,L14,R14,T14,W14,X14) -> 62.23
A15: asg-ai/athena-cti-sft-qwen25-14b-v21-recalibrate | B15: SFT | C15: 70.4 | D15: 61 | E15: 66.9 | F15: 56.4 | G15: 59.2 | H15: 58 | I15: 83.1 | J15: 14 | K15: 86 | L15: 50 | M15: 2.3 | N15: 4.5 | O15: 3.4 | P15: =AVERAGE(C15,D15,E15,F15,I15,J15) -> 58.633333 | Q15: =AVERAGE(L15,I15,H15,E15,D15,C15) -> 64.9 | R15: 23.5 | S15: 47.8 | T15: 35.5 | U15: 59.4 | V15: =AVERAGE(R15:T15) -> 35.6 | W15: 88.8 | X15: 84 | Y15: =AVERAGE(W15,X15) -> 86.4 | Z15: =AVERAGE(V15,Q15,Y15) -> 62.3 | AA15: =AVERAGE(C15,D15,E15,F15,I15,L15,R15,T15,W15,X15) -> 61.96
A16: asg-ai/athena-cti-sft-qwen25-14b-v21-taa | B16: SFT | C16: 71.6 | D16: 62 | E16: 68.3 | F16: 59.1 | G16: 62.1 | H16: 60.8 | I16: 80.7 | J16: 12 | K16: 87 | L16: 49.5 | M16: 15 | N16: 68.4 | O16: 41.7 | P16: =AVERAGE(C16,D16,E16,F16,I16,J16) -> 58.95 | Q16: =AVERAGE(L16,I16,H16,E16,D16,C16) -> 65.483333 | R16: 10.5 | S16: 44.5 | T16: 35 | U16: 60.2 | V16: =AVERAGE(R16:T16) -> 30 | W16: 89.8 | X16: 85.4 | Y16: =AVERAGE(W16,X16) -> 87.6 | Z16: =AVERAGE(V16,Q16,Y16) -> 61.027778 | AA16: =AVERAGE(C16,D16,E16,F16,I16,L16,R16,T16,W16,X16) -> 61.19
A17: gemini-2.5-flash | B17: FRONTIER | C17: 79 | D17: 51.6 | E17: 65.05 | F17: 13.4445 | H17: =F17 -> 13.4445 | I17: 78.499 | J17: 30 | K17: 87 | L17: 58.5 | P17: =AVERAGE(C17,D17,E17,F17,I17,J17) -> 52.93225 | Q17: =AVERAGE(L17,I17,H17,E17,D17,C17) -> 57.68225 | R17: 30.3 | S17: 60.2 | T17: 48 | U17: 67.1 | V17: =AVERAGE(R17:T17) -> 46.166667 | W17: 93.5 | X17: 88.6 | Y17: =AVERAGE(W17,X17) -> 91.05 | Z17: =AVERAGE(V17,Q17,Y17) -> 64.966306 | AA17: =AVERAGE(C17,D17,E17,F17,I17,L17,R17,T17,W17,X17) -> 60.64935
A18: asg-ai/athena-cti-sft-qwen25-14b-v21-core | B18: SFT | C18: 69.1 | D18: 60.8 | E18: 68.2 | F18: 59.2 | G18: 62.5 | H18: 61.1 | I18: 82.5 | J18: 13 | K18: 69 | L18: 41 | M18: 5.3 | N18: 27.1 | O18: 16.2 | P18: =AVERAGE(C18,D18,E18,F18,I18,J18) -> 58.8 | Q18: =AVERAGE(L18,I18,H18,E18,D18,C18) -> 63.783333 | R18: 9.6 | S18: 44.7 | T18: 35.9 | U18: 60.7 | V18: =AVERAGE(R18:T18) -> 30.066667 | W18: 90.9 | X18: 86.2 | Y18: =AVERAGE(W18,X18) -> 88.55 | Z18: =AVERAGE(V18,Q18,Y18) -> 60.8 | AA18: =AVERAGE(C18,D18,E18,F18,I18,L18,R18,T18,W18,X18) -> 60.34
A19: ftdn-ai/Foundation-Sec-8B-Instruct | B19: INSTRUCT | C19: 77.8 | D19: 36.6 | E19: 65 | F19: 26.9 | G19: 28.2 | H19: 27.7 | I19: 65.3 | J19: 26 | K19: 87 | L19: 56.5 | M19: 3.8 | N19: 15 | O19: 9.4 | P19: =AVERAGE(C19,D19,E19,F19,I19,J19) -> 49.6 | Q19: =AVERAGE(L19,I19,H19,E19,D19,C19) -> 54.816667 | R19: 16.8 | S19: 48.4 | T19: 38.6 | U19: 62 | V19: =AVERAGE(R19:T19) -> 34.6 | W19: 85.7 | X19: 81.7 | Y19: =AVERAGE(W19,X19) -> 83.7 | Z19: =AVERAGE(V19,Q19,Y19) -> 57.705556 | AA19: =AVERAGE(C19,D19,E19,F19,I19,L19,R19,T19,W19,X19) -> 55.09
A20: asg-ai/athena-cti-sft-foundation-8b-v21-core | B20: SFT | C20: 62.4 | D20: 62.4 | E20: 67.1 | F20: 58.5 | G20: 60.6 | H20: 59.7 | I20: 84 | J20: 17 | K20: 55 | L20: 36 | M20: 3.8 | N20: 32.2 | O20: 18.1 | P20: =AVERAGE(C20,D20,E20,F20,I20,J20) -> 58.566667 | Q20: =AVERAGE(L20,I20,H20,E20,D20,C20) -> 61.933333 | R20: 4.3 | S20: 40.4 | T20: 8.8 | U20: 40.8 | V20: =AVERAGE(R20:T20) -> 17.833333 | W20: 81.1 | X20: 77.9 | Y20: =AVERAGE(W20,X20) -> 79.5 | Z20: =AVERAGE(V20,Q20,Y20) -> 53.088889 | AA20: =AVERAGE(C20,D20,E20,F20,I20,L20,R20,T20,W20,X20) -> 54.25
A21: asg-ai/athena-cti-sft-foundation-8b-v21-recalibrate | B21: SFT | C21: 53.8 | D21: 60 | E21: 68.4 | F21: 38.8 | G21: 47.1 | H21: 43.5 | I21: 83.6 | J21: 14 | K21: 67 | L21: 40.5 | M21: 15.8 | N21: 39.1 | O21: 27.4 | P21: =AVERAGE(C21,D21,E21,F21,I21,J21) -> 53.1 | Q21: =AVERAGE(L21,I21,H21,E21,D21,C21) -> 58.3 | R21: 16.1 | S21: 41.7 | T21: 27.9 | U21: 53.5 | V21: =AVERAGE(R21:T21) -> 28.566667 | W21: 75.3 | X21: 73.9 | Y21: =AVERAGE(W21,X21) -> 74.6 | Z21: =AVERAGE(V21,Q21,Y21) -> 53.822222 | AA21: =AVERAGE(C21,D21,E21,F21,I21,L21,R21,T21,W21,X21) -> 53.83
A22: asg-ai/athena-cti-sft-llama31-8b-v21-recalibrate | B22: SFT | C22: 59.3 | D22: 60.4 | E22: 67.7 | F22: 57.9 | G22: 60 | H22: 59.1 | I22: 75.3 | J22: 7 | K22: 69 | L22: 38 | M22: 8.3 | N22: 21.1 | O22: 14.7 | P22: =AVERAGE(C22,D22,E22,F22,I22,J22) -> 54.6 | Q22: =AVERAGE(L22,I22,H22,E22,D22,C22) -> 59.966667 | R22: 11 | S22: 41.9 | T22: 6.3 | U22: 40.2 | V22: =AVERAGE(R22:T22) -> 19.733333 | W22: 72.5 | X22: 70.8 | Y22: =AVERAGE(W22,X22) -> 71.65 | Z22: =AVERAGE(V22,Q22,Y22) -> 50.45 | AA22: =AVERAGE(C22,D22,E22,F22,I22,L22,R22,T22,W22,X22) -> 51.92
A23: Qwen/Qwen2.5-32B-Instruct | B23: INSTRUCT | C23: 52.9 | D23: 18.2 | E23: 59.5 | F23: 7.4 | G23: 7.7 | H23: 7.6 | I23: 78.8 | J23: 16 | K23: 80 | L23: 48 | M23: 1 | N23: 3 | O23: 2 | P23: =AVERAGE(C23,D23,E23,F23,I23,J23) -> 38.8 | Q23: =AVERAGE(L23,I23,H23,E23,D23,C23) -> 44.166667 | R23: 24.1 | S23: 53.8 | T23: 49.9 | U23: 69.1 | V23: =AVERAGE(R23:T23) -> 42.6 | W23: 92.6 | X23: 87.7 | Y23: =AVERAGE(W23,X23) -> 90.15 | Z23: =AVERAGE(V23,Q23,Y23) -> 58.972222 | AA23: =AVERAGE(C23,D23,E23,F23,I23,L23,R23,T23,W23,X23) -> 51.91
A24: asg-ai/athena-cti-sft-llama31-8b-v21-core | B24: SFT | C24: 64.9 | D24: 62.2 | E24: 65.6 | F24: 60 | G24: 62.2 | H24: 61.3 | I24: 82.1 | J24: 4 | K24: 21 | L24: 12.5 | M24: 6.8 | N24: 29.3 | O24: 18.1 | P24: =AVERAGE(C24,D24,E24,F24,I24,J24) -> 56.466667 | Q24: =AVERAGE(L24,I24,H24,E24,D24,C24) -> 58.1 | R24: 4.6 | S24: 39.7 | T24: 4.6 | U24: 38.6 | V24: =AVERAGE(R24:T24) -> 16.3 | W24: 78.3 | X24: 75.3 | Y24: =AVERAGE(W24,X24) -> 76.8 | Z24: =AVERAGE(V24,Q24,Y24) -> 50.4 | AA24: =AVERAGE(C24,D24,E24,F24,I24,L24,R24,T24,W24,X24) -> 51.01
A25: asg-ai/athena-cti-sft-llama31-8b-v21-taa | B25: SFT | C25: 62.8 | D25: 55.6 | E25: 63.1 | F25: 56.2 | G25: 58.1 | H25: 57.3 | I25: 67.7 | J25: 6 | K25: 75 | L25: 45.5 | M25: 15.8 | N25: 70.7 | O25: 43.2 | P25: =AVERAGE(C25,D25,E25,F25,I25,J25) -> 51.9 | Q25: =AVERAGE(L25,I25,H25,E25,D25,C25) -> 58.666667 | R25: 4.1 | S25: 40.1 | T25: 2.6 | U25: 37.8 | V25: =AVERAGE(R25:T25) -> 15.6 | W25: 75.5 | X25: 73.5 | Y25: =AVERAGE(W25,X25) -> 74.5 | Z25: =AVERAGE(V25,Q25,Y25) -> 49.588889 | AA25: =AVERAGE(C25,D25,E25,F25,I25,L25,R25,T25,W25,X25) -> 50.66
A26: Qwen/Qwen3-30B-A3B-Instruct-2507 (thinking) | B26: INSTRUCT | C26: 35.8 | D26: 21.8 | E26: 57.2 | F26: 5.5 | G26: 5.5 | H26: 5.5 | I26: 73.9 | J26: 22 | K26: 96 | L26: 59 | M26: 0 | N26: 2.3 | O26: 1.1 | P26: =AVERAGE(C26,D26,E26,F26,I26,J26) -> 36.033333 | Q26: =AVERAGE(L26,I26,H26,E26,D26,C26) -> 42.2 | R26: 20.2 | S26: 52.8 | T26: 49.8 | U26: 69.6 | V26: =AVERAGE(R26:T26) -> 40.933333 | W26: 92.3 | X26: 87.9 | Y26: =AVERAGE(W26,X26) -> 90.1 | Z26: =AVERAGE(V26,Q26,Y26) -> 57.744444 | AA26: =AVERAGE(C26,D26,E26,F26,I26,L26,R26,T26,W26,X26) -> 50.34
A27: Qwen/Qwen2.5-14B-Instruct | B27: INSTRUCT | C27: 36.8 | D27: 16 | E27: 57.1 | F27: 6.2 | G27: 6.2 | H27: 6.2 | I27: 71.8 | J27: 16 | K27: 88 | L27: 52 | P27: =AVERAGE(C27,D27,E27,F27,I27,J27) -> 33.983333 | Q27: =AVERAGE(L27,I27,H27,E27,D27,C27) -> 39.983333 | R27: 23.3 | S27: 53 | T27: 47.2 | U27: 68.5 | V27: =AVERAGE(R27:T27) -> 41.166667 | W27: 91 | X27: 85.9 | Y27: =AVERAGE(W27,X27) -> 88.45 | Z27: =AVERAGE(V27,Q27,Y27) -> 56.533333 | AA27: =AVERAGE(C27,D27,E27,F27,I27,L27,R27,T27,W27,X27) -> 48.73
A28: mistralai/Mistral-Small-3.2-24B-Instruct-2506 | B28: INSTRUCT | C28: 39.4 | D28: 32.6 | E28: 57.6 | F28: 7.6 | G28: 7.7 | H28: 7.7 | I28: 73.3 | J28: 10 | K28: 40 | L28: 25 | M28: 3 | N28: 13.5 | O28: 8.3 | P28: =AVERAGE(C28,D28,E28,F28,I28,J28) -> 36.75 | Q28: =AVERAGE(L28,I28,H28,E28,D28,C28) -> 39.266667 | R28: 23 | S28: 53.7 | T28: 49.2 | U28: 69.8 | V28: =AVERAGE(R28:T28) -> 41.966667 | W28: 91.4 | X28: 87 | Y28: =AVERAGE(W28,X28) -> 89.2 | Z28: =AVERAGE(V28,Q28,Y28) -> 56.811111 | AA28: =AVERAGE(C28,D28,E28,F28,I28,L28,R28,T28,W28,X28) -> 48.61
A29: asg-ai/athena-cti-sft-llama31-8b-v21-cse | B29: SFT | C29: 64.4 | D29: 49.8 | E29: 65.1 | F29: 34.4 | G29: 35.8 | H29: 35.2 | I29: 71 | J29: 2 | K29: 26 | L29: 14 | M29: 5.3 | N29: 54.1 | O29: 29.7 | P29: =AVERAGE(C29,D29,E29,F29,I29,J29) -> 47.783333 | Q29: =AVERAGE(L29,I29,H29,E29,D29,C29) -> 49.916667 | R29: 14.6 | S29: 40.7 | T29: 13.8 | U29: 45.3 | V29: =AVERAGE(R29:T29) -> 23.033333 | W29: 68.9 | X29: 66 | Y29: =AVERAGE(W29,X29) -> 67.45 | Z29: =AVERAGE(V29,Q29,Y29) -> 46.8 | AA29: =AVERAGE(C29,D29,E29,F29,I29,L29,R29,T29,W29,X29) -> 46.2
A30: meta-llama/Meta-Llama-3.1-8B-Instruct | B30: INSTRUCT | C30: 59.7 | D30: 12 | E30: 42.1 | F30: 7.8 | G30: 8 | H30: 7.9 | I30: 73.6 | J30: 18 | K30: 64 | L30: 41 | M30: 3.8 | N30: 14.3 | O30: 9 | P30: =AVERAGE(C30,D30,E30,F30,I30,J30) -> 35.533333 | Q30: =AVERAGE(L30,I30,H30,E30,D30,C30) -> 39.383333 | R30: 16.1 | S30: 47.9 | T30: 29.1 | U30: 58.3 | V30: =AVERAGE(R30:T30) -> 31.033333 | W30: 86.2 | X30: 82.7 | Y30: =AVERAGE(W30,X30) -> 84.45 | Z30: =AVERAGE(V30,Q30,Y30) -> 51.622222 | AA30: =AVERAGE(C30,D30,E30,F30,I30,L30,R30,T30,W30,X30) -> 45.03
A31: asg-ai/athena-cti-sft-foundation-8b-v21-cse | B31: SFT | C31: 38.5 | D31: 27.8 | E31: 45.6 | F31: 33.4 | G31: 38.4 | H31: 36.3 | I31: 87.4 | J31: 1 | K31: 20 | L31: 10.5 | M31: 4.5 | N31: 21.1 | O31: 12.8 | P31: =AVERAGE(C31,D31,E31,F31,I31,J31) -> 38.95 | Q31: =AVERAGE(L31,I31,H31,E31,D31,C31) -> 41.016667 | R31: 18.7 | S31: 41.6 | T31: 27.7 | U31: 53.4 | V31: =AVERAGE(R31:T31) -> 29.333333 | W31: 74.7 | X31: 73.4 | Y31: =AVERAGE(W31,X31) -> 74.05 | Z31: =AVERAGE(V31,Q31,Y31) -> 48.133333 | AA31: =AVERAGE(C31,D31,E31,F31,I31,L31,R31,T31,W31,X31) -> 43.77
A32: asg-ai/athena-cti-sft-foundation-8b-v21-taa | B32: SFT | C32: 41.5 | D32: 23 | E32: 52.2 | F32: 50.7 | G32: 54.8 | H32: 53 | I32: 81.2 | J32: 1 | K32: 24 | L32: 12.5 | M32: 10.5 | N32: 28.6 | O32: 19.6 | P32: =AVERAGE(C32,D32,E32,F32,I32,J32) -> 41.6 | Q32: =AVERAGE(L32,I32,H32,E32,D32,C32) -> 43.9 | R32: 5.7 | S32: 41.6 | T32: 5.4 | U32: 41.4 | V32: =AVERAGE(R32:T32) -> 17.566667 | W32: 78 | X32: 75.4 | Y32: =AVERAGE(W32,X32) -> 76.7 | Z32: =AVERAGE(V32,Q32,Y32) -> 46.055556 | AA32: =AVERAGE(C32,D32,E32,F32,I32,L32,R32,T32,W32,X32) -> 42.56
A33: Qwen/Qwen3-30B-A3B-Instruct-2507 (non-thinking) | B33: INSTRUCT | C33: 18.1 | D33: 25.2 | E33: 38.5 | F33: 6.9 | G33: 7 | H33: 7 | I33: 84.6 | J33: 6 | K33: 39 | L33: 22.5 | M33: 0.8 | N33: 24.8 | O33: 12.8 | P33: =AVERAGE(C33,D33,E33,F33,I33,J33) -> 29.883333 | Q33: =AVERAGE(L33,I33,H33,E33,D33,C33) -> 32.65 | R33: 37.5 | S33: 65.4 | T33: 61.2 | U33: 76.6 | V33: =AVERAGE(R33:T33) -> 54.7 | W33: 20.2 | X33: 19.7 | Y33: =AVERAGE(W33,X33) -> 19.95 | Z33: =AVERAGE(V33,Q33,Y33) -> 35.766667 | AA33: =AVERAGE(C33,D33,E33,F33,I33,L33,R33,T33,W33,X33) -> 33.44

Sheet Glaukopis Baseline (v20)
B1: AthenaBench | R1: CyberSOCEval | W1: CyberMetric | Z1: Total Score (Avg) | AA1: Weighted Avg Total Score
A2: Model | B2: Type | C2: CKT (Accuracy) | D2: ATE (Accuracy) | E2: RCM (Accuracy) | F2: RMS (F1-score) | I2: VSP (Accuracy) | J2: Threat Actor Attribution (Accuracy) | P2: AB Avg I (Acc) | Q2: AB Avg II (Comb) | R2: CyberSOCEval (Accuracy) | W2: 2000 (acc) | X2: 10000 (acc) | Y2: Avg
C3: CKT: CTI Knowledge Test (MCQ) | D3: ATE: Attack Technique Enumeration | E3: RCM: Root Cause Mapping | F3: RMS: Risk Mitigation Strategy | I3: VSP: Vulnerability Severity Prediction | J3: TAA Classic | M3: TAA Canonical | R3: Malware | T3: Threat Intel | V3: Combined (acc)
F4: f1 | G4: plausible_f1 | H4: combined_f1 | J4: accurate | K4: plausible | L4: combined | M4: accurate | N4: plausible | O4: combined | R4: acc | S4: avg | T4: acc | U4: avg
A5: deepseek-ai/DeepSeek-V4-Pro | B5: PT-OS | C5: 88.8 | D5: 74.8 | E5: 74.1 | F5: 33.8 | G5: 36.6 | H5: 35.4 | I5: 83.5 | J5: 36 | K5: 77 | L5: 74.8 | P5: =AVERAGE(C5,D5,E5,F5,I5,J5) -> 65.166667 | Q5: =AVERAGE(L5,I5,H5,E5,D5,C5) -> 71.9 | R5: 34.6 | S5: 63.2 | T5: 58.9 | U5: 73.8 | V5: =AVERAGE(R5:T5) -> 52.233333 | W5: 94.2 | X5: 89.4 | Y5: =AVERAGE(W5,X5) -> 91.8 | Z5: =AVERAGE(V5,Q5,Y5) -> 71.977778 | AA5: =AVERAGE(C5,D5,E5,F5,I5,L5,R5,T5,W5,X5) -> 70.69
A6: gemini-3-flash-preview | B6: FRONTIER | C6: 91.5 | D6: 83.2 | E6: 74.5 | F6: 33.9 | G6: 35.7 | H6: 34.9 | I6: 89 | J6: 37 | K6: 86 | L6: 61.5 | P6: =AVERAGE(C6,D6,E6,F6,I6,J6) -> 68.183333 | Q6: =AVERAGE(L6,I6,H6,E6,D6,C6) -> 72.433333 | R6: 29 | S6: 58.9 | T6: 56.3 | U6: 71.8 | V6: =AVERAGE(R6:T6) -> 48.066667 | W6: 93.9 | X6: 90.3 | Y6: =AVERAGE(W6,X6) -> 92.1 | Z6: =AVERAGE(V6,Q6,Y6) -> 70.866667 | AA6: =AVERAGE(C6,D6,E6,F6,I6,L6,R6,T6,W6,X6) -> 70.31
A7: gpt-5.2-high | B7: FRONTIER | C7: 91.5 | D7: 74.4 | E7: 72.4 | F7: 35.7 | G7: 35.7 | H7: 35.7 | I7: 85.9 | J7: 49 | K7: 86 | L7: 67.5 | P7: =AVERAGE(C7,D7,E7,F7,I7,J7) -> 68.15 | Q7: =AVERAGE(L7,I7,H7,E7,D7,C7) -> 71.233333 | R7: 28.5 | S7: 56.7 | T7: 55.9 | U7: 71.8 | V7: =AVERAGE(R7:T7) -> 47.033333 | W7: 94.3 | X7: 90.3 | Y7: =AVERAGE(W7,X7) -> 92.3 | Z7: =AVERAGE(V7,Q7,Y7) -> 70.188889 | AA7: =AVERAGE(C7,D7,E7,F7,I7,L7,R7,T7,W7,X7) -> 69.64
A8: deepseek-ai/DeepSeek-v3.2-Exp | B8: PT-OS | C8: 86.6 | D8: 56.4 | E8: 70.4 | F8: 22.7 | G8: 22.7 | H8: 22.7 | I8: 83.7 | J8: 31 | K8: 88 | L8: 59.5 | P8: =AVERAGE(C8,D8,E8,F8,I8,J8) -> 58.466667 | Q8: =AVERAGE(L8,I8,H8,E8,D8,C8) -> 63.216667 | R8: 28.3 | S8: 57.2 | T8: 56.1 | U8: 73.2 | V8: =AVERAGE(R8:T8) -> 47.2 | W8: 94.1 | X8: 89.3 | Y8: =AVERAGE(W8,X8) -> 91.7 | Z8: =AVERAGE(V8,Q8,Y8) -> 67.372222 | AA8: =AVERAGE(C8,D8,E8,F8,I8,L8,R8,T8,W8,X8) -> 64.71
A9: deepseek-ai/DeepSeek-V3.1-Terminus | B9: PT-OS | C9: 85.7 | D9: 57.8 | E9: 69.3 | F9: 21.6 | G9: 22.8 | H9: 22.3 | I9: 82.7 | J9: 32 | K9: 88 | L9: 60 | M9: 7.5 | N9: 10.5 | O9: 9 | P9: =AVERAGE(C9,D9,E9,F9,I9,J9) -> 58.183333 | Q9: =AVERAGE(L9,I9,H9,E9,D9,C9) -> 62.966667 | R9: 27.7 | S9: 56.8 | T9: 56.6 | U9: 73.9 | V9: =AVERAGE(R9:T9) -> 47.033333 | W9: 94 | X9: 89.3 | Y9: =AVERAGE(W9,X9) -> 91.65 | Z9: =AVERAGE(V9,Q9,Y9) -> 67.216667 | AA9: =AVERAGE(C9,D9,E9,F9,I9,L9,R9,T9,W9,X9) -> 64.47
A10: asg-ai/athena-cti-sft-qwen25-14b-v18-2 | B10: SFT | C10: 62.3 | D10: 63.2 | E10: 72.6 | F10: 54.7 | G10: 56.8 | H10: 56 | I10: 83.9 | J10: 6 | K10: 89 | L10: 47.5 | M10: 3 | N10: 3.8 | O10: 3.4 | P10: =AVERAGE(C10,D10,E10,F10,I10,J10) -> 57.116667 | Q10: =AVERAGE(L10,I10,H10,E10,D10,C10) -> 64.25 | R10: 24.1 | S10: 47.6 | T10: 41.3 | U10: 62.4 | V10: =AVERAGE(R10:T10) -> 37.666667 | W10: 89 | X10: 83.9 | Y10: =AVERAGE(W10,X10) -> 86.45 | Z10: =AVERAGE(V10,Q10,Y10) -> 62.788889 | AA10: =AVERAGE(C10,D10,E10,F10,I10,L10,R10,T10,W10,X10) -> 62.25
A11: asg-ai/athena-cti-sft-qwen25-14b-v21-recalibrate | B11: SFT | C11: 70.4 | D11: 61 | E11: 66.9 | F11: 56.4 | G11: 59.2 | H11: 58 | I11: 83.1 | J11: 14 | K11: 86 | L11: 50 | M11: 2.3 | N11: 4.5 | O11: 3.4 | P11: =AVERAGE(C11,D11,E11,F11,I11,J11) -> 58.633333 | Q11: =AVERAGE(L11,I11,H11,E11,D11,C11) -> 64.9 | R11: 23.5 | S11: 47.8 | T11: 35.5 | U11: 59.4 | V11: =AVERAGE(R11:T11) -> 35.6 | W11: 88.8 | X11: 84 | Y11: =AVERAGE(W11,X11) -> 86.4 | Z11: =AVERAGE(V11,Q11,Y11) -> 62.3 | AA11: =AVERAGE(C11,D11,E11,F11,I11,L11,R11,T11,W11,X11) -> 61.96
A12: asg-ai/athena-cti-sft-qwen25-14b-v21-taa | B12: SFT | C12: 71.6 | D12: 62 | E12: 68.3 | F12: 59.1 | G12: 62.1 | H12: 60.8 | I12: 80.7 | J12: 12 | K12: 87 | L12: 49.5 | M12: 15 | N12: 68.4 | O12: 41.7 | P12: =AVERAGE(C12,D12,E12,F12,I12,J12) -> 58.95 | Q12: =AVERAGE(L12,I12,H12,E12,D12,C12) -> 65.483333 | R12: 10.5 | S12: 44.5 | T12: 35 | U12: 60.2 | V12: =AVERAGE(R12:T12) -> 30 | W12: 89.8 | X12: 85.4 | Y12: =AVERAGE(W12,X12) -> 87.6 | Z12: =AVERAGE(V12,Q12,Y12) -> 61.027778 | AA12: =AVERAGE(C12,D12,E12,F12,I12,L12,R12,T12,W12,X12) -> 61.19
A13: asg-ai/athena-cti-sft-qwen25-14b-v19-recalibrate | B13: SFT | C13: 68.3 | D13: 57 | E13: 70.1 | F13: 58.9 | G13: 61.1 | H13: 60.2 | I13: 82.6 | J13: 12 | K13: 84 | L13: 48 | M13: 8.3 | N13: 27.8 | O13: 18.1 | P13: =AVERAGE(C13,D13,E13,F13,I13,J13) -> 58.15 | Q13: =AVERAGE(L13,I13,H13,E13,D13,C13) -> 64.366667 | R13: 22.2 | S13: 43 | T13: 32.1 | U13: 56 | V13: =AVERAGE(R13:T13) -> 32.433333 | W13: 87.6 | X13: 83 | Y13: =AVERAGE(W13,X13) -> 85.3 | Z13: =AVERAGE(V13,Q13,Y13) -> 60.7 | AA13: =AVERAGE(C13,D13,E13,F13,I13,L13,R13,T13,W13,X13) -> 60.98
A14: asg-ai/athena-cti-sft-qwen25-14b-v18-2-1 | B14: SFT | C14: 63.2 | D14: 62.4 | E14: 66.8 | F14: 49.4 | G14: 51.1 | H14: 50.4 | I14: 82.7 | J14: 7 | K14: 87 | L14: 47 | M14: 2.3 | N14: 3.8 | O14: 3 | P14: =AVERAGE(C14,D14,E14,F14,I14,J14) -> 55.25 | Q14: =AVERAGE(L14,I14,H14,E14,D14,C14) -> 62.083333 | R14: 23.5 | S14: 47.2 | T14: 41.8 | U14: 62.7 | V14: =AVERAGE(R14:T14) -> 37.5 | W14: 89.4 | X14: 84.2 | Y14: =AVERAGE(W14,X14) -> 86.8 | Z14: =AVERAGE(V14,Q14,Y14) -> 62.127778 | AA14: =AVERAGE(C14,D14,E14,F14,I14,L14,R14,T14,W14,X14) -> 61.04
A15: asg-ai/athena-cti-sft-qwen25-14b-v19-recalibrate-v18p2mix | B15: SFT | C15: 70.6 | D15: 55.2 | E15: 69.6 | F15: 57.6 | G15: 59.6 | H15: 58.7 | I15: 82.9 | J15: 11 | K15: 83 | L15: 47 | M15: 2.3 | N15: 26.3 | O15: 14.3 | P15: =AVERAGE(C15,D15,E15,F15,I15,J15) -> 57.816667 | Q15: =AVERAGE(L15,I15,H15,E15,D15,C15) -> 64 | R15: 22.3 | S15: 42.8 | T15: 33.8 | U15: 57 | V15: =AVERAGE(R15:T15) -> 32.966667 | W15: 87.3 | X15: 82.8 | Y15: =AVERAGE(W15,X15) -> 85.05 | Z15: =AVERAGE(V15,Q15,Y15) -> 60.672222 | AA15: =AVERAGE(C15,D15,E15,F15,I15,L15,R15,T15,W15,X15) -> 60.91
A16: asg-ai/athena-cti-sft-qwen25-14b-v18-2-2 | B16: SFT | C16: 61.5 | D16: 63 | E16: 66.5 | F16: 51.8 | G16: 53.7 | H16: 52.9 | I16: 81.9 | J16: 7 | K16: 89 | L16: 48 | M16: 2.3 | N16: 3 | O16: 2.6 | P16: =AVERAGE(C16,D16,E16,F16,I16,J16) -> 55.283333 | Q16: =AVERAGE(L16,I16,H16,E16,D16,C16) -> 62.3 | R16: 22.5 | S16: 46.3 | T16: 39.5 | U16: 61.1 | V16: =AVERAGE(R16:T16) -> 36.1 | W16: 88.3 | X16: 83.6 | Y16: =AVERAGE(W16,X16) -> 85.95 | Z16: =AVERAGE(V16,Q16,Y16) -> 61.45 | AA16: =AVERAGE(C16,D16,E16,F16,I16,L16,R16,T16,W16,X16) -> 60.66
A17: gemini-2.5-flash | B17: FRONTIER | C17: 79 | D17: 51.6 | E17: 65.05 | F17: 13.4445 | H17: =F17 -> 13.4445 | I17: 78.499 | J17: 30 | K17: 87 | L17: 58.5 | P17: =AVERAGE(C17,D17,E17,F17,I17,J17) -> 52.93225 | Q17: =AVERAGE(L17,I17,H17,E17,D17,C17) -> 57.68225 | R17: 30.3 | S17: 60.2 | T17: 48 | U17: 67.1 | V17: =AVERAGE(R17:T17) -> 46.166667 | W17: 93.5 | X17: 88.6 | Y17: =AVERAGE(W17,X17) -> 91.05 | Z17: =AVERAGE(V17,Q17,Y17) -> 64.966306 | AA17: =AVERAGE(C17,D17,E17,F17,I17,L17,R17,T17,W17,X17) -> 60.64935
A18: asg-ai/athena-cti-sft-qwen25-14b-v18-1-cse-rms | B18: SFT | C18: 68 | D18: 64.4 | E18: 67.5 | F18: 56.4 | G18: 58.5 | H18: 57.6 | I18: 80 | J18: 7 | K18: 55 | L18: 31 | M18: 2.3 | N18: 6 | O18: 4.1 | P18: =AVERAGE(C18,D18,E18,F18,I18,J18) -> 57.216667 | Q18: =AVERAGE(L18,I18,H18,E18,D18,C18) -> 61.416667 | R18: 23.7 | S18: 47.4 | T18: 39.6 | U18: 61.5 | V18: =AVERAGE(R18:T18) -> 36.9 | W18: 89.2 | X18: 84.4 | Y18: =AVERAGE(W18,X18) -> 86.8 | Z18: =AVERAGE(V18,Q18,Y18) -> 61.705556 | AA18: =AVERAGE(C18,D18,E18,F18,I18,L18,R18,T18,W18,X18) -> 60.42
A19: asg-ai/athena-cti-sft-qwen25-14b-v21-core | B19: SFT | C19: 69.1 | D19: 60.8 | E19: 68.2 | F19: 59.2 | G19: 62.5 | H19: 61.1 | I19: 82.5 | J19: 13 | K19: 69 | L19: 41 | M19: 5.3 | N19: 27.1 | O19: 16.2 | P19: =AVERAGE(C19,D19,E19,F19,I19,J19) -> 58.8 | Q19: =AVERAGE(L19,I19,H19,E19,D19,C19) -> 63.783333 | R19: 9.6 | S19: 44.7 | T19: 35.9 | U19: 60.7 | V19: =AVERAGE(R19:T19) -> 30.066667 | W19: 90.9 | X19: 86.2 | Y19: =AVERAGE(W19,X19) -> 88.55 | Z19: =AVERAGE(V19,Q19,Y19) -> 60.8 | AA19: =AVERAGE(C19,D19,E19,F19,I19,L19,R19,T19,W19,X19) -> 60.34
A20: asg-ai/athena-cti-sft-qwen25-14b-v19-taa | B20: SFT | C20: 73.2 | D20: 57.8 | E20: 65.2 | F20: 61.4 | G20: 63.7 | H20: 62.7 | I20: 83 | J20: 9 | K20: 84 | L20: 46.5 | M20: 17.3 | N20: 77.4 | O20: 47.4 | P20: =AVERAGE(C20,D20,E20,F20,I20,J20) -> 58.266667 | Q20: =AVERAGE(L20,I20,H20,E20,D20,C20) -> 64.733333 | R20: 6.2 | S20: 43.4 | T20: 33.2 | U20: 58.2 | V20: =AVERAGE(R20:T20) -> 27.6 | W20: 89.8 | X20: 85.4 | Y20: =AVERAGE(W20,X20) -> 87.6 | Z20: =AVERAGE(V20,Q20,Y20) -> 59.977778 | AA20: =AVERAGE(C20,D20,E20,F20,I20,L20,R20,T20,W20,X20) -> 60.17
A21: asg-ai/athena-cti-sft-qwen25-14b-v18-core-plus-taa-cse | B21: SFT | C21: 69.5 | D21: 59.6 | E21: 67.9 | F21: 54.4 | G21: 56.5 | H21: 55.6 | I21: 76.8 | J21: 14 | K21: 83 | L21: 48.5 | M21: 3.8 | N21: 4.5 | O21: 4.1 | P21: =AVERAGE(C21,D21,E21,F21,I21,J21) -> 57.033333 | Q21: =AVERAGE(L21,I21,H21,E21,D21,C21) -> 62.983333 | R21: 23.2 | S21: 41.9 | T21: 30.4 | U21: 54.6 | V21: =AVERAGE(R21:T21) -> 31.833333 | W21: 87.4 | X21: 83.1 | Y21: =AVERAGE(W21,X21) -> 85.25 | Z21: =AVERAGE(V21,Q21,Y21) -> 60.022222 | AA21: =AVERAGE(C21,D21,E21,F21,I21,L21,R21,T21,W21,X21) -> 60.08
A22: asg-ai/athena-cti-sft-qwen25-14b-v21-cse | B22: SFT | C22: 70.6 | D22: 58.2 | E22: 67.3 | F22: 58.8 | G22: 60.8 | H22: 60 | I22: 72.9 | J22: 16 | K22: 81 | L22: 48.5 | M22: 15 | N22: 78.2 | O22: 46.6 | P22: =AVERAGE(C22,D22,E22,F22,I22,J22) -> 57.3 | Q22: =AVERAGE(L22,I22,H22,E22,D22,C22) -> 62.916667 | R22: 20.9 | S22: 44.1 | T22: 31.4 | U22: 55.9 | V22: =AVERAGE(R22:T22) -> 32.133333 | W22: 87.5 | X22: 82.2 | Y22: =AVERAGE(W22,X22) -> 84.85 | Z22: =AVERAGE(V22,Q22,Y22) -> 59.966667 | AA22: =AVERAGE(C22,D22,E22,F22,I22,L22,R22,T22,W22,X22) -> 59.83
A23: asg-ai/athena-cti-sft-qwen25-14b-v19-cse | B23: SFT | C23: 72.3 | D23: 54 | E23: 66.7 | F23: 60 | G23: 62.3 | H23: 61.3 | I23: 74.7 | J23: 15 | K23: 80 | L23: 47.5 | M23: 14.3 | N23: 67.7 | O23: 41 | P23: =AVERAGE(C23,D23,E23,F23,I23,J23) -> 57.116667 | Q23: =AVERAGE(L23,I23,H23,E23,D23,C23) -> 62.75 | R23: 20.5 | S23: 39 | T23: 29.3 | U23: 53.9 | V23: =AVERAGE(R23:T23) -> 29.6 | W23: 86.6 | X23: 82.2 | Y23: =AVERAGE(W23,X23) -> 84.4 | Z23: =AVERAGE(V23,Q23,Y23) -> 58.916667 | AA23: =AVERAGE(C23,D23,E23,F23,I23,L23,R23,T23,W23,X23) -> 59.38
A24: asg-ai/athena-cti-sft-qwen25-14b-v18-1-cse | B24: SFT | C24: 72 | D24: 58.6 | E24: 69.6 | F24: 45.3 | G24: 47.1 | H24: 46.3 | I24: 76.3 | J24: 10 | K24: 76 | L24: 43 | M24: 7.5 | N24: 14.3 | O24: 10.9 | P24: =AVERAGE(C24,D24,E24,F24,I24,J24) -> 55.3 | Q24: =AVERAGE(L24,I24,H24,E24,D24,C24) -> 60.966667 | R24: 22.4 | S24: 45.4 | T24: 36.1 | U24: 58.7 | V24: =AVERAGE(R24:T24) -> 34.633333 | W24: 87.7 | X24: 83.4 | Y24: =AVERAGE(W24,X24) -> 85.55 | Z24: =AVERAGE(V24,Q24,Y24) -> 60.383333 | AA24: =AVERAGE(C24,D24,E24,F24,I24,L24,R24,T24,W24,X24) -> 59.44
A25: asg-ai/athena-cti-sft-qwen25-14b-v18-core-plus-taa | B25: SFT | C25: 72.3 | D25: 56.2 | E25: 66.7 | F25: 59.4 | G25: 61.8 | H25: 60.8 | I25: 84.4 | J25: 10 | K25: 86 | L25: 48 | M25: 6 | N25: 27.8 | O25: 16.9 | P25: =AVERAGE(C25,D25,E25,F25,I25,J25) -> 58.166667 | Q25: =AVERAGE(L25,I25,H25,E25,D25,C25) -> 64.733333 | R25: 6.6 | S25: 42.7 | T25: 22.3 | U25: 54.5 | V25: =AVERAGE(R25:T25) -> 23.866667 | W25: 90 | X25: 84.9 | Y25: =AVERAGE(W25,X25) -> 87.45 | Z25: =AVERAGE(V25,Q25,Y25) -> 58.683333 | AA25: =AVERAGE(C25,D25,E25,F25,I25,L25,R25,T25,W25,X25) -> 59.08
A26: asg-ai/athena-cti-sft-qwen25-14b-v18-1-core | B26: SFT | C26: 67.4 | D26: 65.6 | E26: 71.3 | F26: 56.3 | G26: 58.7 | H26: 57.7 | I26: 84.3 | J26: 6 | K26: 69 | L26: 37.5 | M26: 2.3 | N26: 16.5 | O26: 9.4 | P26: =AVERAGE(C26,D26,E26,F26,I26,J26) -> 58.483333 | Q26: =AVERAGE(L26,I26,H26,E26,D26,C26) -> 63.966667 | R26: 5.9 | S26: 42.7 | T26: 24.7 | U26: 53.5 | V26: =AVERAGE(R26:T26) -> 24.433333 | W26: 90.5 | X26: 86 | Y26: =AVERAGE(W26,X26) -> 88.25 | Z26: =AVERAGE(V26,Q26,Y26) -> 58.883333 | AA26: =AVERAGE(C26,D26,E26,F26,I26,L26,R26,T26,W26,X26) -> 58.95
A27: asg-ai/athena-cti-sft-qwen25-14b-v18-1-taa | B27: SFT | C27: 69 | D27: 63.2 | E27: 61.1 | F27: 56.6 | G27: 58.9 | H27: 57.9 | I27: 83.2 | J27: 9 | K27: 90 | L27: 49.5 | M27: 4.5 | N27: 17.3 | O27: 10.9 | P27: =AVERAGE(C27,D27,E27,F27,I27,J27) -> 57.016667 | Q27: =AVERAGE(L27,I27,H27,E27,D27,C27) -> 63.983333 | R27: 6.6 | S27: 43.2 | T27: 19.9 | U27: 52.1 | V27: =AVERAGE(R27:T27) -> 23.233333 | W27: 89.6 | X27: 85.1 | Y27: =AVERAGE(W27,X27) -> 87.35 | Z27: =AVERAGE(V27,Q27,Y27) -> 58.188889 | AA27: =AVERAGE(C27,D27,E27,F27,I27,L27,R27,T27,W27,X27) -> 58.38
A28: asg-ai/athena-cti-sft-qwen25-14b-v19-core | B28: SFT | C28: 73.8 | D28: 55.8 | E28: 62.6 | F28: 59.8 | G28: 61.9 | H28: 61 | I28: 83.3 | J28: 7 | K28: 70 | L28: 38.5 | M28: 1.5 | N28: 20.3 | O28: 10.9 | P28: =AVERAGE(C28,D28,E28,F28,I28,J28) -> 57.05 | Q28: =AVERAGE(L28,I28,H28,E28,D28,C28) -> 62.5 | R28: 4.8 | S28: 43.1 | T28: 28.1 | U28: 55.6 | V28: =AVERAGE(R28:T28) -> 25.333333 | W28: 90.1 | X28: 85.4 | Y28: =AVERAGE(W28,X28) -> 87.75 | Z28: =AVERAGE(V28,Q28,Y28) -> 58.527778 | AA28: =AVERAGE(C28,D28,E28,F28,I28,L28,R28,T28,W28,X28) -> 58.22
A29: asg-ai/athena-cti-sft-qwen25-14b-v20-recalibrate | B29: SFT | C29: 63.4 | D29: 53.2 | E29: 72.2 | F29: 38.7 | G29: 40.7 | H29: 39.8 | I29: 78.6 | J29: 17 | K29: 83 | L29: 50 | M29: 9.8 | N29: 39.1 | O29: 24.4 | P29: =AVERAGE(C29,D29,E29,F29,I29,J29) -> 53.85 | Q29: =AVERAGE(L29,I29,H29,E29,D29,C29) -> 59.533333 | R29: 21 | S29: 40.4 | T29: 29.3 | U29: 54.3 | V29: =AVERAGE(R29:T29) -> 30.233333 | W29: 82.7 | X29: 88 | Y29: =AVERAGE(W29,X29) -> 85.35 | Z29: =AVERAGE(V29,Q29,Y29) -> 58.372222 | AA29: =AVERAGE(C29,D29,E29,F29,I29,L29,R29,T29,W29,X29) -> 57.71
... A33: asg-ai/athena-cti-sft-qwen25-14b-v20-core | B33: SFT | C33: 60.5 | D33: 57.6 | E33: 71.5 | F33: 50.2 | G33: 53.5 | H33: 52.1 | I33: 78.8 | J33: 14 | K33: 81 | L33: 47.5 | M33: 4.5 | N33: 30.8 | O33: 17.7 | P33: =AVERAGE(C33,D33,E33,F33,I33,J33) -> 55.433333 | Q33: =AVERAGE(L33,I33,H33,E33,D33,C33) -> 61.333333 | R33: 6.6 | S33: 42.8 | T33: 24.9 | U33: 54.2 | V33: =AVERAGE(R33:T33) -> 24.766667 | W33: 90.1 | X33: 84.9 | Y33: =AVERAGE(W33,X33) -> 87.5 | Z33: =AVERAGE(V33,Q33,Y33) -> 57.866667 | AA33: =AVERAGE(C33,D33,E33,F33,I33,L33,R33,T33,W33,X33) -> 57.26
A34: asg-ai/athena-cti-sft-foundation-8b-v21-core
A35: ftdn-ai/Foundation-Sec-8B-Instruct | B35: INSTRUCT | C35: 77.8 | D35: 36.4 | E35: 65.3 | F35: 27.5 | G35: 28.78 | H35: 28.3 | I35: 65.1 | J35: 26 | K35: 89 | L35: 57.5 | P35: =AVERAGE(C35,D35,E35,F35,I35,J35) -> 49.683333 | Q35: =AVERAGE(L35,I35,H35,E35,D35,C35) -> 55.066667 | R35: 16.9 | S35: 48.3 | T35: 38.3 | U35: 61.6 | V35: =AVERAGE(R35:T35) -> 34.5 | W35: 85.6 | X35: 81.7 | Y35: =AVERAGE(W35,X35) -> 83.65 | Z35: =AVERAGE(V35,Q35,Y35) -> 57.738889 | AA35: =AVERAGE(C35,D35,E35,F35,I35,L35,R35,T35,W35,X35) -> 55.21
A36: asg-ai/athena-cti-sft-qwen25-14b-abaligned-v81 | B36: SFT | C36: 63.2 | D36: 30.2 | E36: 54 | F36: 44.9 | G36: 48.7 | H36: 47.1 | I36: 81 | J36: 15 | K36: 87 | L36: 51 | P36: =AVERAGE(C36,D36,E36,F36,I36,J36) -> 48.05 | Q36: =AVERAGE(L36,I36,H36,E36,D36,C36) -> 54.416667 | R36: 12.3 | S36: 46 | T36: 38.3 | U36: 63.4 | V36: =AVERAGE(R36:T36) -> 32.2 | W36: 84.8 | X36: 81.3 | Y36: =AVERAGE(W36,X36) -> 83.05 | Z36: =AVERAGE(V36,Q36,Y36) -> 56.555556 | AA36: =AVERAGE(C36,D36,E36,F36,I36,L36,R36,T36,W36,X36) -> 54.1
A37: asg-ai/athena-cti-sft-llama31-8b-v21-recalibrate | B37: SFT | C37: 59.3 | D37: 60.4 | E37: 67.7 | F37: 57.9 | G37: 60 | H37: 59.1 | I37: 75.3 | J37: 7 | K37: 69 | L37: 38 | M37: 8.3 | N37: 21.1 | O37: 14.7 | P37: =AVERAGE(C37,D37,E37,F37,I37,J37) -> 54.6 | Q37: =AVERAGE(L37,I37,H37,E37,D37,C37) -> 59.966667 | R37: 11 | S37: 41.9 | T37: 6.3 | U37: 40.2 | V37: =AVERAGE(R37:T37) -> 19.733333 | W37: 72.5 | X37: 70.8 | Y37: =AVERAGE(W37,X37) -> 71.65 | Z37: =AVERAGE(V37,Q37,Y37) -> 50.45 | AA37: =AVERAGE(C37,D37,E37,F37,I37,L37,R37,T37,W37,X37) -> 51.92
A38: Qwen/Qwen2.5-32B-Instruct | B38: INSTRUCT | C38: 52.9 | D38: 18.2 | E38: 59.5 | F38: 7.4 | G38: 7.7 | H38: 7.6 | I38: 78.8 | J38: 16 | K38: 80 | L38: 48 | M38: 1 | N38: 3 | O38: 2 | P38: =AVERAGE(C38,D38,E38,F38,I38,J38) -> 38.8 | Q38: =AVERAGE(L38,I38,H38,E38,D38,C38) -> 44.166667 | R38: 24.1 | S38: 53.8 | T38: 49.9 | U38: 69.1 | V38: =AVERAGE(R38:T38) -> 42.6 | W38: 92.6 | X38: 87.7 | Y38: =AVERAGE(W38,X38) -> 90.15 | Z38: =AVERAGE(V38,Q38,Y38) -> 58.972222 | AA38: =AVERAGE(C38,D38,E38,F38,I38,L38,R38,T38,W38,X38) -> 51.91
A39: asg-ai/athena-cti-sft-llama31-8b-v21-core | B39: SFT | C39: 64.9 | D39: 62.2 | E39: 65.6 | F39: 60 | G39: 62.2 | H39: 61.3 | I39: 82.1 | J39: 4 | K39: 21 | L39: 12.5 | M39: 6.8 | N39: 29.3 | O39: 18.1 | P39: =AVERAGE(C39,D39,E39,F39,I39,J39) -> 56.466667 | Q39: =AVERAGE(L39,I39,H39,E39,D39,C39) -> 58.1 | R39: 4.6 | S39: 39.7 | T39: 4.6 | U39: 38.6 | V39: =AVERAGE(R39:T39) -> 16.3 | W39: 78.3 | X39: 75.3 | Y39: =AVERAGE(W39,X39) -> 76.8 | Z39: =AVERAGE(V39,Q39,Y39) -> 50.4 | AA39: =AVERAGE(C39,D39,E39,F39,I39,L39,R39,T39,W39,X39) -> 51.01
A40: asg-ai/athena-cti-sft-llama31-8b-v21-taa | B40: SFT | C40: 62.8 | D40: 55.6 | E40: 63.1 | F40: 56.2 | G40: 58.1 | H40: 57.3 | I40: 67.7 | J40: 6 | K40: 75 | L40: 45.5 | M40: 15.8 | N40: 70.7 | O40: 43.2 | P40: =AVERAGE(C40,D40,E40,F40,I40,J40) -> 51.9 | Q40: =AVERAGE(L40,I40,H40,E40,D40,C40) -> 58.666667 | R40: 4.1 | S40: 40.1 | T40: 2.6 | U40: 37.8 | V40: =AVERAGE(R40:T40) -> 15.6 | W40: 75.5 | X40: 73.5 | Y40: =AVERAGE(W40,X40) -> 74.5 | Z40: =AVERAGE(V40,Q40,Y40) -> 49.588889 | AA40: =AVERAGE(C40,D40,E40,F40,I40,L40,R40,T40,W40,X40) -> 50.66
A41: Qwen/Qwen2.5-14B-Instruct | B41: INSTRUCT | C41: 36.8 | D41: 16 | E41: 57.1 | F41: 6.2 | G41: 6.2 | H41: 6.2 | I41: 71.8 | J41: 16 | K41: 88 | L41: 52 | P41: =AVERAGE(C41,D41,E41,F41,I41,J41) -> 33.983333 | Q41: =AVERAGE(L41,I41,H41,E41,D41,C41) -> 39.983333 | R41: 23.3 | S41: 53 | T41: 47.2 | U41: 68.5 | V41: =AVERAGE(R41:T41) -> 41.166667 | W41: 91 | X41: 85.9 | Y41: =AVERAGE(W41,X41) -> 88.45 | Z41: =AVERAGE(V41,Q41,Y41) -> 56.533333 | AA41: =AVERAGE(C41,D41,E41,F41,I41,L41,R41,T41,W41,X41) -> 48.73
A42: asg-ai/athena-cti-sft-llama31-8b-v21-cse | B42: SFT | C42: 64.4 | D42: 49.8 | E42: 65.1 | F42: 34.4 | G42: 35.8 | H42: 35.2 | I42: 71 | J42: 2 | K42: 26 | L42: 14 | M42: 5.3 | N42: 54.1 | O42: 29.7 | P42: =AVERAGE(C42,D42,E42,F42,I42,J42) -> 47.783333 | Q42: =AVERAGE(L42,I42,H42,E42,D42,C42) -> 49.916667 | R42: 14.6 | S42: 40.7 | T42: 13.8 | U42: 45.3 | V42: =AVERAGE(R42:T42) -> 23.033333 | W42: 68.9 | X42: 66 | Y42: =AVERAGE(W42,X42) -> 67.45 | Z42: =AVERAGE(V42,Q42,Y42) -> 46.8 | AA42: =AVERAGE(C42,D42,E42,F42,I42,L42,R42,T42,W42,X42) -> 46.2
A43: Qwen/Qwen3-30B-A3B-Instruct-2507 | B43: INSTRUCT
A44: meta-llama/Meta-Llama-3.1-8B-Instruct | B44: INSTRUCT | C44: 59.7 | D44: 12 | E44: 42.1 | F44: 7.8 | G44: 8 | H44: 7.9 | I44: 73.6 | J44: 18 | K44: 64 | L44: 41 | M44: 3.8 | N44: 14.3 | O44: 9 | P44: =AVERAGE(C44,D44,E44,F44,I44,J44) -> 35.533333 | Q44: =AVERAGE(L44,I44,H44,E44,D44,C44) -> 39.383333 | R44: 16.1 | S44: 47.9 | T44: 29.1 | U44: 58.3 | V44: =AVERAGE(R44:T44) -> 31.033333 | W44: 86.2 | X44: 82.7 | Y44: =AVERAGE(W44,X44) -> 84.45 | Z44: =AVERAGE(V44,Q44,Y44) -> 51.622222 | AA44: =AVERAGE(C44,D44,E44,F44,I44,L44,R44,T44,W44,X44) -> 45.03

Sheet Glaukopis Baseline (TEST II))
B1: AthenaBench | R1: CyberSOCEval | W1: CyberMetric | Z1: Total Score (Avg) | AA1: Weighted Avg Total Score
A2: Model | B2: Type | C2: CKT (Accuracy) | D2: ATE (Accuracy) | E2: RCM (Accuracy) | F2: RMS (F1-score) | I2: VSP (Accuracy) | J2: Threat Actor Attribution (Accuracy) | P2: AB Avg I (Acc) | Q2: AB Avg II (Comb) | R2: CyberSOCEval (Accuracy) | W2: 2000 (acc) | X2: 10000 (acc) | Y2: Avg
C3: CKT: CTI Knowledge Test (MCQ) | D3: ATE: Attack Technique Enumeration | E3: RCM: Root Cause Mapping | F3: RMS: Risk Mitigation Strategy | I3: VSP: Vulnerability Severity Prediction | J3: TAA Classic | M3: TAA Canonical | R3: Malware | T3: Threat Intel | V3: Combined (acc)
F4: f1 | G4: plausible_f1 | H4: combined_f1 | J4: accurate | K4: plausible | L4: combined | M4: accurate | N4: plausible | O4: combined | R4: acc | S4: avg | T4: acc | U4: avg
A5: deepseek-ai/DeepSeek-V4-Pro | B5: PT-OS | C5: 88.8 | D5: 74.8 | E5: 74.1 | F5: 33.8 | G5: 36.6 | H5: 35.4 | I5: 83.5 | J5: 36 | K5: 77 | L5: 74.8 | P5: =AVERAGE(C5,D5,E5,F5,I5,J5) -> 65.166667 | Q5: =AVERAGE(L5,I5,H5,E5,D5,C5) -> 71.9 | R5: 34.6 | S5: 63.2 | T5: 58.9 | U5: 73.8 | V5: =AVERAGE(R5:T5) -> 52.233333 | W5: 94.2 | X5: 89.4 | Y5: =AVERAGE(W5,X5) -> 91.8 | Z5: =AVERAGE(V5,Q5,Y5) -> 71.977778 | AA5: =AVERAGE(C5,D5,E5,F5,I5,L5,R5,T5,W5,X5) -> 70.69
A6: gemini-3-flash-preview | B6: FRONTIER | C6: 91.5 | D6: 83.2 | E6: 74.5 | F6: 33.9 | G6: 35.7 | H6: 34.9 | I6: 89 | J6: 37 | K6: 86 | L6: 61.5 | P6: =AVERAGE(C6,D6,E6,F6,I6,J6) -> 68.183333 | Q6: =AVERAGE(L6,I6,H6,E6,D6,C6) -> 72.433333 | R6: 29 | S6: 58.9 | T6: 56.3 | U6: 71.8 | V6: =AVERAGE(R6:T6) -> 48.066667 | W6: 93.9 | X6: 90.3 | Y6: =AVERAGE(W6,X6) -> 92.1 | Z6: =AVERAGE(V6,Q6,Y6) -> 70.866667 | AA6: =AVERAGE(C6,D6,E6,F6,I6,L6,R6,T6,W6,X6) -> 70.31
A7: gpt-5.2-high | B7: FRONTIER | C7: 91.5 | D7: 74.4 | E7: 72.4 | F7: 35.7 | G7: 35.7 | H7: 35.7 | I7: 85.9 | J7: 49 | K7: 86 | L7: 67.5 | P7: =AVERAGE(C7,D7,E7,F7,I7,J7) -> 68.15 | Q7: =AVERAGE(L7,I7,H7,E7,D7,C7) -> 71.233333 | R7: 28.5 | S7: 56.7 | T7: 55.9 | U7: 71.8 | V7: =AVERAGE(R7:T7) -> 47.033333 | W7: 94.3 | X7: 90.3 | Y7: =AVERAGE(W7,X7) -> 92.3 | Z7: =AVERAGE(V7,Q7,Y7) -> 70.188889 | AA7: =AVERAGE(C7,D7,E7,F7,I7,L7,R7,T7,W7,X7) -> 69.64
A8: deepseek-ai/DeepSeek-v3.2-Exp | B8: PT-OS | C8: 86.6 | D8: 56.4 | E8: 70.4 | F8: 22.7 | G8: 22.7 | H8: 22.7 | I8: 83.7 | J8: 31 | K8: 88 | L8: 59.5 | P8: =AVERAGE(C8,D8,E8,F8,I8,J8) -> 58.466667 | Q8: =AVERAGE(L8,I8,H8,E8,D8,C8) -> 63.216667 | R8: 28.3 | S8: 57.2 | T8: 56.1 | U8: 73.2 | V8: =AVERAGE(R8:T8) -> 47.2 | W8: 94.1 | X8: 89.3 | Y8: =AVERAGE(W8,X8) -> 91.7 | Z8: =AVERAGE(V8,Q8,Y8) -> 67.372222 | AA8: =AVERAGE(C8,D8,E8,F8,I8,L8,R8,T8,W8,X8) -> 64.71
A9: deepseek-ai/DeepSeek-V3.1-Terminus | B9: PT-OS | C9: 85.7 | D9: 57.8 | E9: 69.3 | F9: 21.6 | G9: 22.8 | H9: 22.3 | I9: 82.7 | J9: 32 | K9: 88 | L9: 60 | M9: 7.5 | N9: 10.5 | O9: 9 | P9: =AVERAGE(C9,D9,E9,F9,I9,J9) -> 58.183333 | Q9: =AVERAGE(L9,I9,H9,E9,D9,C9) -> 62.966667 | R9: 27.7 | S9: 56.8 | T9: 56.6 | U9: 73.9 | V9: =AVERAGE(R9:T9) -> 47.033333 | W9: 94 | X9: 89.3 | Y9: =AVERAGE(W9,X9) -> 91.65 | Z9: =AVERAGE(V9,Q9,Y9) -> 67.216667 | AA9: =AVERAGE(C9,D9,E9,F9,I9,L9,R9,T9,W9,X9) -> 64.47
A10: asg-ai/athena-cti-sft-qwen25-14b-v18-2 | B10: SFT | C10: 62.3 | D10: 63.2 | E10: 72.6 | F10: 54.7 | G10: 56.8 | H10: 56 | I10: 83.9 | J10: 6 | K10: 89 | L10: 47.5 | M10: 3 | N10: 3.8 | O10: 3.4 | P10: =AVERAGE(C10,D10,E10,F10,I10,J10) -> 57.116667 | Q10: =AVERAGE(L10,I10,H10,E10,D10,C10) -> 64.25 | R10: 24.1 | S10: 47.6 | T10: 41.3 | U10: 62.4 | V10: =AVERAGE(R10:T10) -> 37.666667 | W10: 89 | X10: 83.9 | Y10: =AVERAGE(W10,X10) -> 86.45 | Z10: =AVERAGE(V10,Q10,Y10) -> 62.788889 | AA10: =AVERAGE(C10,D10,E10,F10,I10,L10,R10,T10,W10,X10) -> 62.25
A11: asg-ai/athena-cti-sft-qwen25-14b-v17-1 | B11: SFT | C11: 66.4 | D11: 61.4 | E11: 67 | F11: 59.1 | G11: 61.3 | H11: 60.4 | I11: 85.8 | J11: 7 | K11: 80 | L11: 43.5 | M11: 3.8 | N11: 3.8 | O11: 3.8 | P11: =AVERAGE(C11,D11,E11,F11,I11,J11) -> 57.783333 | Q11: =AVERAGE(L11,I11,H11,E11,D11,C11) -> 64.083333 | R11: 24.3 | S11: 48.1 | T11: 42.9 | U11: 63.1 | V11: =AVERAGE(R11:T11) -> 38.433333 | W11: 86.9 | X11: 82.9 | Y11: =AVERAGE(W11,X11) -> 84.9 | Z11: =AVERAGE(V11,Q11,Y11) -> 62.472222 | AA11: =AVERAGE(C11,D11,E11,F11,I11,L11,R11,T11,W11,X11) -> 62.02
A12: asg-ai/athena-cti-sft-qwen25-14b-v19-recalibrate | B12: SFT | C12: 68.3 | D12: 57 | E12: 70.1 | F12: 58.9 | G12: 61.1 | H12: 60.2 | I12: 82.6 | J12: 12 | K12: 84 | L12: 48 | M12: 8.3 | N12: 27.8 | O12: 18.1 | P12: =AVERAGE(C12,D12,E12,F12,I12,J12) -> 58.15 | Q12: =AVERAGE(L12,I12,H12,E12,D12,C12) -> 64.366667 | R12: 22.2 | S12: 43 | T12: 32.1 | U12: 56 | V12: =AVERAGE(R12:U12) -> 38.325 | W12: 87.6 | X12: 83 | Y12: =AVERAGE(W12,X12) -> 85.3 | Z12: =AVERAGE(V12,Q12,Y12) -> 62.663889 | AA12: =AVERAGE(C12,D12,E12,F12,I12,L12,R12,T12,W12,X12) -> 60.98
A13: asg-ai/athena-cti-sft-qwen25-14b-v18-2-1 | B13: SFT | C13: 63.2 | D13: 62.4 | E13: 66.8 | F13: 49.4 | G13: 51.1 | H13: 50.4 | I13: 82.7 | J13: 7 | K13: 87 | L13: 47 | M13: 2.3 | N13: 3.8 | O13: 3 | P13: =AVERAGE(C13,D13,E13,F13,I13,J13) -> 55.25 | Q13: =AVERAGE(L13,I13,H13,E13,D13,C13) -> 62.083333 | R13: 23.5 | S13: 47.2 | T13: 41.8 | U13: 62.7 | V13: =AVERAGE(R13:T13) -> 37.5 | W13: 89.4 | X13: 84.2 | Y13: =AVERAGE(W13,X13) -> 86.8 | Z13: =AVERAGE(V13,Q13,Y13) -> 62.127778 | AA13: =AVERAGE(C13,D13,E13,F13,I13,L13,R13,T13,W13,X13) -> 61.04
A14: asg-ai/athena-cti-sft-qwen25-14b-v19-recalibrate-v18p2mix | B14: SFT | C14: 70.6 | D14: 55.2 | E14: 69.6 | F14: 57.6 | G14: 59.6 | H14: 58.7 | I14: 82.9 | J14: 11 | K14: 83 | L14: 47 | M14: 2.3 | N14: 26.3 | O14: 14.3 | P14: =AVERAGE(C14,D14,E14,F14,I14,J14) -> 57.816667 | Q14: =AVERAGE(L14,I14,H14,E14,D14,C14) -> 64 | R14: 22.3 | S14: 42.8 | T14: 33.8 | U14: 57 | V14: =AVERAGE(R14:U14) -> 38.975 | W14: 87.3 | X14: 82.8 | Y14: =AVERAGE(W14,X14) -> 85.05 | Z14: =AVERAGE(V14,Q14,Y14) -> 62.675 | AA14: =AVERAGE(C14,D14,E14,F14,I14,L14,R14,T14,W14,X14) -> 60.91
A15: asg-ai/athena-cti-sft-qwen25-14b-v16 | B15: SFT | C15: 70.9 | D15: 60 | E15: 68.6 | F15: 62 | G15: 64.4 | H15: 63.4 | I15: 84 | J15: 7 | K15: 88 | L15: 47.5 | M15: 15.8 | N15: 63.2 | O15: 39.5 | P15: =AVERAGE(C15,D15,E15,F15,I15,J15) -> 58.75 | Q15: =AVERAGE(L15,I15,H15,E15,D15,C15) -> 65.733333 | R15: 10.7 | S15: 45.2 | T15: 30.6 | U15: 58.5 | V15: =AVERAGE(R15:T15) -> 28.833333 | W15: 89.6 | X15: 85.2 | Y15: =AVERAGE(W15,X15) -> 87.4 | Z15: =AVERAGE(V15,Q15,Y15) -> 60.655556 | AA15: =AVERAGE(C15,D15,E15,F15,I15,L15,R15,T15,W15,X15) -> 60.91
A16: asg-ai/athena-cti-sft-qwen25-14b-v18-2-2 | B16: SFT | C16: 61.5 | D16: 63 | E16: 66.5 | F16: 51.8 | G16: 53.7 | H16: 52.9 | I16: 81.9 | J16: 7 | K16: 89 | L16: 48 | M16: 2.3 | N16: 3 | O16: 2.6 | P16: =AVERAGE(C16,D16,E16,F16,I16,J16) -> 55.283333 | Q16: =AVERAGE(L16,I16,H16,E16,D16,C16) -> 62.3 | R16: 22.5 | S16: 46.3 | T16: 39.5 | U16: 61.1 | V16: =AVERAGE(R16:T16) -> 36.1 | W16: 88.3 | X16: 83.6 | Y16: =AVERAGE(W16,X16) -> 85.95 | Z16: =AVERAGE(V16,Q16,Y16) -> 61.45 | AA16: =AVERAGE(C16,D16,E16,F16,I16,L16,R16,T16,W16,X16) -> 60.66
A17: gemini-2.5-flash | B17: FRONTIER | C17: 79 | D17: 51.6 | E17: 65.05 | F17: 13.4445 | H17: =F17 -> 13.4445 | I17: 78.499 | J17: 30 | K17: 87 | L17: 58.5 | P17: =AVERAGE(C17,D17,E17,F17,I17,J17) -> 52.93225 | Q17: =AVERAGE(L17,I17,H17,E17,D17,C17) -> 57.68225 | R17: 30.3 | S17: 60.2 | T17: 48 | U17: 67.1 | V17: =AVERAGE(R17:T17) -> 46.166667 | W17: 93.5 | X17: 88.6 | Y17: =AVERAGE(W17,X17) -> 91.05 | Z17: =AVERAGE(V17,Q17,Y17) -> 64.966306 | AA17: =AVERAGE(C17,D17,E17,F17,I17,L17,R17,T17,W17,X17) -> 60.64935
A18: asg-ai/athena-cti-sft-qwen25-14b-v18-1-cse-rms | B18: SFT | C18: 68 | D18: 64.4 | E18: 67.5 | F18: 56.4 | G18: 58.5 | H18: 57.6 | I18: 80 | J18: 7 | K18: 55 | L18: 31 | M18: 2.3 | N18: 6 | O18: 4.1 | P18: =AVERAGE(C18,D18,E18,F18,I18,J18) -> 57.216667 | Q18: =AVERAGE(L18,I18,H18,E18,D18,C18) -> 61.416667 | R18: 23.7 | S18: 47.4 | T18: 39.6 | U18: 61.5 | V18: =AVERAGE(R18:T18) -> 36.9 | W18: 89.2 | X18: 84.4 | Y18: =AVERAGE(W18,X18) -> 86.8 | Z18: =AVERAGE(V18,Q18,Y18) -> 61.705556 | AA18: =AVERAGE(C18,D18,E18,F18,I18,L18,R18,T18,W18,X18) -> 60.42
A19: asg-ai/athena-cti-sft-qwen25-14b-v12-plus-taa | B19: SFT | C19: 69.5 | D19: 58.2 | E19: 69.1 | F19: 59 | G19: 62.6 | H19: 61.1 | I19: 84.3 | J19: 10 | K19: 88 | L19: 49 | M19: 22.6 | N19: 79.7 | O19: 51.1 | P19: =AVERAGE(C19,D19,E19,F19,I19,J19) -> 58.35 | Q19: =AVERAGE(L19,I19,H19,E19,D19,C19) -> 65.2 | R19: 9.6 | S19: 43.8 | T19: 30.2 | U19: 57.7 | V19: =AVERAGE(R19:T19) -> 27.866667 | W19: 89.4 | X19: 84.8 | Y19: =AVERAGE(W19,X19) -> 87.1 | Z19: =AVERAGE(V19,Q19,Y19) -> 60.055556 | AA19: =AVERAGE(C19,D19,E19,F19,I19,L19,R19,T19,W19,X19) -> 60.31
A20: asg-ai/athena-cti-sft-qwen25-14b-v19-taa | B20: SFT | C20: 73.2 | D20: 57.8 | E20: 65.2 | F20: 61.4 | G20: 63.7 | H20: 62.7 | I20: 83 | J20: 9 | K20: 84 | L20: 46.5 | M20: 17.3 | N20: 77.4 | O20: 47.4 | P20: =AVERAGE(C20,D20,E20,F20,I20,J20) -> 58.266667 | Q20: =AVERAGE(L20,I20,H20,E20,D20,C20) -> 64.733333 | R20: 6.2 | S20: 43.4 | T20: 33.2 | U20: 58.2 | V20: =AVERAGE(R20:U20) -> 35.25 | W20: 89.8 | X20: 85.4 | Y20: =AVERAGE(W20,X20) -> 87.6 | Z20: =AVERAGE(V20,Q20,Y20) -> 62.527778 | AA20: =AVERAGE(C20,D20,E20,F20,I20,L20,R20,T20,W20,X20) -> 60.17
A21: asg-ai/athena-cti-sft-qwen25-14b-v18-core-plus-taa-cse | B21: SFT | C21: 69.5 | D21: 59.6 | E21: 67.9 | F21: 54.4 | G21: 56.5 | H21: 55.6 | I21: 76.8 | J21: 14 | K21: 83 | L21: 48.5 | M21: 3.8 | N21: 4.5 | O21: 4.1 | P21: =AVERAGE(C21,D21,E21,F21,I21,J21) -> 57.033333 | Q21: =AVERAGE(L21,I21,H21,E21,D21,C21) -> 62.983333 | R21: 23.2 | S21: 41.9 | T21: 30.4 | U21: 54.6 | V21: =AVERAGE(R21:T21) -> 31.833333 | W21: 87.4 | X21: 83.1 | Y21: =AVERAGE(W21,X21) -> 85.25 | Z21: =AVERAGE(V21,Q21,Y21) -> 60.022222 | AA21: =AVERAGE(C21,D21,E21,F21,I21,L21,R21,T21,W21,X21) -> 60.08
A22: asg-ai/athena-cti-sft-qwen25-14b-v12 | B22: SFT | C22: 70.1 | D22: 57 | E22: 69 | F22: 61.9 | G22: 64.4 | H22: 63.3 | I22: 84.6 | J22: 11 | K22: 60 | L22: 35.5 | M22: 14.3 | N22: 63.2 | O22: 38.7 | P22: =AVERAGE(C22,D22,E22,F22,I22,J22) -> 58.933333 | Q22: =AVERAGE(L22,I22,H22,E22,D22,C22) -> 63.25 | R22: 10.3 | S22: 45.1 | T22: 32.4 | U22: 59.4 | V22: =AVERAGE(R22:T22) -> 29.266667 | W22: 90.7 | X22: 85.7 | Y22: =AVERAGE(W22,X22) -> 88.2 | Z22: =AVERAGE(V22,Q22,Y22) -> 60.238889 | AA22: =AVERAGE(C22,D22,E22,F22,I22,L22,R22,T22,W22,X22) -> 59.72
A23: asg-ai/athena-cti-sft-qwen25-14b-v19-cse | B23: SFT | C23: 72.3 | D23: 54 | E23: 66.7 | F23: 60 | G23: 62.3 | H23: 61.3 | I23: 74.7 | J23: 15 | K23: 80 | L23: 47.5 | M23: 14.3 | N23: 67.7 | O23: 41 | P23: =AVERAGE(C23,D23,E23,F23,I23,J23) -> 57.116667 | Q23: =AVERAGE(L23,I23,H23,E23,D23,C23) -> 62.75 | R23: 20.5 | S23: 39 | T23: 29.3 | U23: 53.9 | V23: =AVERAGE(R23:U23) -> 35.675 | W23: 86.6 | X23: 82.2 | Y23: =AVERAGE(W23,X23) -> 84.4 | Z23: =AVERAGE(V23,Q23,Y23) -> 60.941667 | AA23: =AVERAGE(C23,D23,E23,F23,I23,L23,R23,T23,W23,X23) -> 59.38
A24: asg-ai/athena-cti-sft-qwen25-14b-v18-1-cse | B24: SFT | C24: 72 | D24: 58.6 | E24: 69.6 | F24: 45.3 | G24: 47.1 | H24: 46.3 | I24: 76.3 | J24: 10 | K24: 76 | L24: 43 | M24: 7.5 | N24: 14.3 | O24: 10.9 | P24: =AVERAGE(C24,D24,E24,F24,I24,J24) -> 55.3 | Q24: =AVERAGE(L24,I24,H24,E24,D24,C24) -> 60.966667 | R24: 22.4 | S24: 45.4 | T24: 36.1 | U24: 58.7 | V24: =AVERAGE(R24:T24) -> 34.633333 | W24: 87.7 | X24: 83.4 | Y24: =AVERAGE(W24,X24) -> 85.55 | Z24: =AVERAGE(V24,Q24,Y24) -> 60.383333 | AA24: =AVERAGE(C24,D24,E24,F24,I24,L24,R24,T24,W24,X24) -> 59.44
A25: asg-ai/athena-cti-sft-qwen25-14b-v18-core-plus-taa | B25: SFT | C25: 72.3 | D25: 56.2 | E25: 66.7 | F25: 59.4 | G25: 61.8 | H25: 60.8 | I25: 84.4 | J25: 10 | K25: 86 | L25: 48 | M25: 6 | N25: 27.8 | O25: 16.9 | P25: =AVERAGE(C25,D25,E25,F25,I25,J25) -> 58.166667 | Q25: =AVERAGE(L25,I25,H25,E25,D25,C25) -> 64.733333 | R25: 6.6 | S25: 42.7 | T25: 22.3 | U25: 54.5 | V25: =AVERAGE(R25:T25) -> 23.866667 | W25: 90 | X25: 84.9 | Y25: =AVERAGE(W25,X25) -> 87.45 | Z25: =AVERAGE(V25,Q25,Y25) -> 58.683333 | AA25: =AVERAGE(C25,D25,E25,F25,I25,L25,R25,T25,W25,X25) -> 59.08
A26: asg-ai/athena-cti-sft-qwen25-14b-abaligned-v9 | B26: SFT | C26: 63.1 | D26: 56 | E26: 65.2 | F26: 64.7 | G26: 66.6 | H26: 65.8 | I26: 77.3 | J26: 9 | K26: 63 | L26: 36 | P26: =AVERAGE(C26,D26,E26,F26,I26,J26) -> 55.883333 | Q26: =AVERAGE(L26,I26,H26,E26,D26,C26) -> 60.566667 | R26: 9.4 | S26: 45 | T26: 43.9 | U26: 64.3 | V26: =AVERAGE(R26:T26) -> 32.766667 | W26: 90.3 | X26: 85.4 | Y26: =AVERAGE(W26,X26) -> 87.85 | Z26: =AVERAGE(V26,Q26,Y26) -> 60.394444 | AA26: =AVERAGE(C26,D26,E26,F26,I26,L26,R26,T26,W26,X26) -> 59.13
A27: asg-ai/athena-cti-sft-qwen25-14b-v18-1-core | B27: SFT | C27: 67.4 | D27: 65.6 | E27: 71.3 | F27: 56.3 | G27: 58.7 | H27: 57.7 | I27: 84.3 | J27: 6 | K27: 69 | L27: 37.5 | M27: 2.3 | N27: 16.5 | O27: 9.4 | P27: =AVERAGE(C27,D27,E27,F27,I27,J27) -> 58.483333 | Q27: =AVERAGE(L27,I27,H27,E27,D27,C27) -> 63.966667 | R27: 5.9 | S27: 42.7 | T27: 24.7 | U27: 53.5 | V27: =AVERAGE(R27:T27) -> 24.433333 | W27: 90.5 | X27: 86 | Y27: =AVERAGE(W27,X27) -> 88.25 | Z27: =AVERAGE(V27,Q27,Y27) -> 58.883333 | AA27: =AVERAGE(C27,D27,E27,F27,I27,L27,R27,T27,W27,X27) -> 58.95
A28: asg-ai/athena-cti-sft-qwen25-14b-v18-1-taa | B28: SFT | C28: 69 | D28: 63.2 | E28: 61.1 | F28: 56.6 | G28: 58.9 | H28: 57.9 | I28: 83.2 | J28: 9 | K28: 90 | L28: 49.5 | M28: 4.5 | N28: 17.3 | O28: 10.9 | P28: =AVERAGE(C28,D28,E28,F28,I28,J28) -> 57.016667 | Q28: =AVERAGE(L28,I28,H28,E28,D28,C28) -> 63.983333 | R28: 6.6 | S28: 43.2 | T28: 19.9 | U28: 52.1 | V28: =AVERAGE(R28:T28) -> 23.233333 | W28: 89.6 | X28: 85.1 | Y28: =AVERAGE(W28,X28) -> 87.35 | Z28: =AVERAGE(V28,Q28,Y28) -> 58.188889 | AA28: =AVERAGE(C28,D28,E28,F28,I28,L28,R28,T28,W28,X28) -> 58.38
A29: asg-ai/athena-cti-sft-qwen25-14b-v19-core | B29: SFT | C29: 73.8 | D29: 55.8 | E29: 62.6 | F29: 59.8 | G29: 61.9 | H29: 61 | I29: 83.3 | J29: 7 | K29: 70 | L29: 38.5 | M29: 1.5 | N29: 20.3 | O29: 10.9 | P29: =AVERAGE(C29,D29,E29,F29,I29,J29) -> 57.05 | Q29: =AVERAGE(L29,I29,H29,E29,D29,C29) -> 62.5 | R29: 4.8 | S29: 43.1 | T29: 28.1 | U29: 55.6 | V29: =AVERAGE(R29:U29) -> 32.9 | W29: 90.1 | X29: 85.4 | Y29: =AVERAGE(W29,X29) -> 87.75 | Z29: =AVERAGE(V29,Q29,Y29) -> 61.05 | AA29: =AVERAGE(C29,D29,E29,F29,I29,L29,R29,T29,W29,X29) -> 58.22
A30: asg-ai/athena-cti-sft-qwen25-14b-abaligned-v10 | B30: SFT | C30: 53.4 | D30: 46.2 | E30: 63.2 | F30: 48.7 | G30: 52.2 | H30: 50.7 | I30: 86.7 | J30: 10 | K30: 91 | L30: 50.5 | P30: =AVERAGE(C30,D30,E30,F30,I30,J30) -> 51.366667 | Q30: =AVERAGE(L30,I30,H30,E30,D30,C30) -> 58.45 | R30: 21 | S30: 51.1 | T30: 39 | U30: 63.8 | V30: =AVERAGE(R30:T30) -> 37.033333 | W30: 88.6 | X30: 84.4 | Y30: =AVERAGE(W30,X30) -> 86.5 | Z30: =AVERAGE(V30,Q30,Y30) -> 60.661111 | AA30: =AVERAGE(C30,D30,E30,F30,I30,L30,R30,T30,W30,X30) -> 58.17
A31: asg-ai/athena-cti-sft-qwen25-14b-abaligned-v8-vllm | B31: SFT | C31: 77.6 | D31: 47.6 | E31: 64.5 | F31: 36 | G31: 39.9 | H31: 38.3 | I31: 79.3 | J31: 6 | K31: 92 | L31: 49 | P31: =AVERAGE(C31,D31,E31,F31,I31,J31) -> 51.833333 | Q31: =AVERAGE(L31,I31,H31,E31,D31,C31) -> 59.383333 | R31: 8 | S31: 43.6 | T31: 43.6 | U31: 66.3 | V31: =AVERAGE(R31:T31) -> 31.733333 | W31: 90.7 | X31: 85.6 | Y31: =AVERAGE(W31,X31) -> 88.15 | Z31: =AVERAGE(V31,Q31,Y31) -> 59.755556 | AA31: =AVERAGE(C31,D31,E31,F31,I31,L31,R31,T31,W31,X31) -> 58.19
A32: asg-ai/athena-cti-sft-qwen25-14b-v14p1-rms | B32: SFT | C32: 71.3 | D32: 57.6 | E32: 67.7 | F32: 51.2 | G32: 55.4 | H32: 53.7 | I32: 82.5 | J32: 13 | K32: 84 | L32: 48.5 | M32: 7.5 | N32: 33.1 | O32: 20.3 | P32: =AVERAGE(C32,D32,E32,F32,I32,J32) -> 57.216667 | Q32: =AVERAGE(L32,I32,H32,E32,D32,C32) -> 63.55 | R32: 6.8 | S32: 39.5 | T32: 21.2 | U32: 51.2 | V32: =AVERAGE(R32:T32) -> 22.5 | W32: 89.2 | X32: 84.7 | Y32: =AVERAGE(W32,X32) -> 86.95 | Z32: =AVERAGE(V32,Q32,Y32) -> 57.666667 | AA32: =AVERAGE(C32,D32,E32,F32,I32,L32,R32,T32,W32,X32) -> 58.07
A33: asg-ai/athena-cti-sft-qwen25-14b-v13 | B33: SFT | C33: 70 | D33: 49.6 | E33: 65.9 | F33: 43.6 | G33: 46.7 | H33: 45.4 | I33: 85.5 | J33: 7 | K33: 80 | L33: 43.5 | M33: 18.1 | N33: 31.6 | O33: 24.8 | P33: =AVERAGE(C33,D33,E33,F33,I33,J33) -> 53.6 | Q33: =AVERAGE(L33,I33,H33,E33,D33,C33) -> 59.983333 | R33: 11.5 | S33: 44.7 | T33: 38.6 | U33: 63.9 | V33: =AVERAGE(R33:T33) -> 31.6 | W33: 88.8 | X33: 84.3 | Y33: =AVERAGE(W33,X33) -> 86.55 | Z33: =AVERAGE(V33,Q33,Y33) -> 59.377778 | AA33: =AVERAGE(C33,D33,E33,F33,I33,L33,R33,T33,W33,X33) -> 58.13
A34: asg-ai/athena-cti-sft-qwen25-14b-abaligned-v7 | B34: SFT | C34: 57.3 | D34: 52.6 | E34: 58.9 | F34: 67.1 | G34: 68.9 | H34: 68.1 | I34: 80.1 | J34: 13 | K34: 73 | L34: 43 | P34: =AVERAGE(C34,D34,E34,F34,I34,J34) -> 54.833333 | Q34: =AVERAGE(L34,I34,H34,E34,D34,C34) -> 60 | R34: 16.1 | S34: 48.6 | T34: 35.4 | U34: 61.5 | V34: =AVERAGE(R34:T34) -> 33.366667 | W34: 86.8 | X34: 82.8 | Y34: =AVERAGE(W34,X34) -> 84.8 | Z34: =AVERAGE(V34,Q34,Y34) -> 59.388889 | AA34: =AVERAGE(C34,D34,E34,F34,I34,L34,R34,T34,W34,X34) -> 58.01
A35: asg-ai/athena-cti-sft-qwen25-14b-v11 | B35: SFT | C35: 63.4 | D35: 42.4 | E35: 62.4 | F35: 46 | G35: 49.4 | H35: 48 | I35: 70.9 | J35: 16 | K35: 83 | L35: 49.5 | P35: =AVERAGE(C35,D35,E35,F35,I35,J35) -> 50.183333 | Q35: =AVERAGE(L35,I35,H35,E35,D35,C35) -> 56.1 | R35: 20.9 | S35: 50.4 | T35: 46.4 | U35: 67.2 | V35: =AVERAGE(R35:T35) -> 39.233333 | W35: 89.5 | X35: 85 | Y35: =AVERAGE(W35,X35) -> 87.25 | Z35: =AVERAGE(V35,Q35,Y35) -> 60.861111 | AA35: =AVERAGE(C35,D35,E35,F35,I35,L35,R35,T35,W35,X35) -> 57.64
A36: asg-ai/athena-cti-sft-qwen25-14b-v18-core | B36: SFT | C36: 62.6 | D36: 61.8 | E36: 66.4 | F36: 59.3 | G36: 62.2 | H36: 61 | I36: 83 | J36: 11 | K36: 67 | L36: 39 | M36: 7.5 | N36: 56.4 | O36: 32 | P36: =AVERAGE(C36,D36,E36,F36,I36,J36) -> 57.35 | Q36: =AVERAGE(L36,I36,H36,E36,D36,C36) -> 62.3 | R36: 5.3 | S36: 42.2 | T36: 21.9 | U36: 52.9 | V36: =AVERAGE(R36:T36) -> 23.133333 | W36: 90.2 | X36: 85.4 | Y36: =AVERAGE(W36,X36) -> 87.8 | Z36: =AVERAGE(V36,Q36,Y36) -> 57.744444 | AA36: =AVERAGE(C36,D36,E36,F36,I36,L36,R36,T36,W36,X36) -> 57.49
A37: google/gemma-4-31B-it* | B37: INSTRUCT | C37: 25.6 | D37: 47 | E37: 65.2 | F37: 22.6 | G37: 23.9 | H37: 23.4 | I37: 88.5 | J37: 26 | K37: 72 | L37: 49 | M37: 2 | N37: 3 | O37: 2.3 | P37: =AVERAGE(C37,D37,E37,F37,I37,J37) -> 45.816667 | Q37: =AVERAGE(L37,I37,H37,E37,D37,C37) -> 49.783333 | R37: 29.9 | S37: 57.5 | T37: 57.1 | U37: 72.3 | V37: =AVERAGE(R37:T37) -> 48.166667 | W37: 93.9 | X37: 88.9 | Y37: =AVERAGE(W37,X37) -> 91.4 | Z37: =AVERAGE(V37,Q37,Y37) -> 63.116667 | AA37: =AVERAGE(C37,D37,E37,F37,I37,L37,R37,T37,W37,X37) -> 56.77
A38: asg-ai/athena-cti-sft-qwen25-14b-v14p1-ab | B38: SFT | C38: 71.9 | D38: 58.2 | E38: 71.9 | F38: 30.7 | G38: 32 | H38: 31.4 | I38: 83.6 | J38: 15 | K38: 76 | L38: 45.5 | M38: 17.3 | N38: 82.7 | O38: 50 | P38: =AVERAGE(C38,D38,E38,F38,I38,J38) -> 55.216667 | Q38: =AVERAGE(L38,I38,H38,E38,D38,C38) -> 60.416667 | R38: 0 | S38: 30.8 | T38: 13.7 | U38: 47.5 | V38: =AVERAGE(R38:T38) -> 14.833333 | W38: 89.5 | X38: 84.9 | Y38: =AVERAGE(W38,X38) -> 87.2 | Z38: =AVERAGE(V38,Q38,Y38) -> 54.15 | AA38: =AVERAGE(C38,D38,E38,F38,I38,L38,R38,T38,W38,X38) -> 54.99
A39: asg-ai/athena-cti-sft-qwen25-14b-v14p1-taa | B39: SFT | C39: 70.3 | D39: 56 | E39: 70 | F39: 27 | G39: 28.6 | H39: 28 | I39: 83.5 | J39: 16 | K39: 90 | L39: 53 | M39: 15.8 | N39: 76.7 | O39: 46.2 | P39: =AVERAGE(C39,D39,E39,F39,I39,J39) -> 53.8 | Q39: =AVERAGE(L39,I39,H39,E39,D39,C39) -> 60.133333 | R39: 0 | S39: 33.3 | T39: 15.9 | U39: 49.1 | V39: =AVERAGE(R39:T39) -> 16.4 | W39: 89 | X39: 84.4 | Y39: =AVERAGE(W39,X39) -> 86.7 | Z39: =AVERAGE(V39,Q39,Y39) -> 54.411111 | AA39: =AVERAGE(C39,D39,E39,F39,I39,L39,R39,T39,W39,X39) -> 54.91
A40: asg-ai/athena-cti-sft-qwen25-14b-v17 | B40: SFT | C40: 63.7 | D40: 45 | E40: 62 | F40: 38.9 | G40: 48.6 | H40: 39.9 | I40: 82.2 | J40: 17 | K40: 84 | L40: 50.5 | M40: 12 | N40: 51.1 | O40: 31.6 | P40: =AVERAGE(C40,D40,E40,F40,I40,J40) -> 51.466667 | Q40: =AVERAGE(L40,I40,H40,E40,D40,C40) -> 57.216667 | R40: 5 | S40: 40.2 | T40: 24.8 | U40: 53.6 | V40: =AVERAGE(R40:T40) -> 23.333333 | W40: 87.6 | X40: 83.3 | Y40: =AVERAGE(W40,X40) -> 85.45 | Z40: =AVERAGE(V40,Q40,Y40) -> 55.333333 | AA40: =AVERAGE(C40,D40,E40,F40,I40,L40,R40,T40,W40,X40) -> 54.3
A41: asg-ai/athena-cti-sft-qwen25-14b-v14p1 | B41: SFT | C41: 55.3 | D41: 51.8 | E41: 66 | F41: 44.5 | G41: 48 | H41: 46.6 | I41: 82.8 | J41: 5 | K41: 93 | L41: 49 | M41: 15.8 | N41: 82.7 | O41: 49.3 | P41: =AVERAGE(C41,D41,E41,F41,I41,J41) -> 50.9 | Q41: =AVERAGE(L41,I41,H41,E41,D41,C41) -> 58.583333 | R41: 4.8 | S41: 38.1 | T41: 15.3 | U41: 48.5 | V41: =AVERAGE(R41:T41) -> 19.4 | W41: 88.2 | X41: 83.8 | Y41: =AVERAGE(W41,X41) -> 86 | Z41: =AVERAGE(V41,Q41,Y41) -> 54.661111 | AA41: =AVERAGE(C41,D41,E41,F41,I41,L41,R41,T41,W41,X41) -> 54.15
A42: asg-ai/athena-cti-sft-qwen25-14b-abaligned-v81 | B42: SFT | C42: 63.2 | D42: 30.2 | E42: 54 | F42: 44.9 | G42: 48.7 | H42: 47.1 | I42: 81 | J42: 15 | K42: 87 | L42: 51 | P42: =AVERAGE(C42,D42,E42,F42,I42,J42) -> 48.05 | Q42: =AVERAGE(L42,I42,H42,E42,D42,C42) -> 54.416667 | R42: 12.3 | S42: 46 | T42: 38.3 | U42: 63.4 | V42: =AVERAGE(R42:T42) -> 32.2 | W42: 84.8 | X42: 81.3 | Y42: =AVERAGE(W42,X42) -> 83.05 | Z42: =AVERAGE(V42,Q42,Y42) -> 56.555556 | AA42: =AVERAGE(C42,D42,E42,F42,I42,L42,R42,T42,W42,X42) -> 54.1
A43: Qwen/Qwen2.5-32B-Instruct | B43: INSTRUCT | C43: 52.9 | D43: 18.2 | E43: 59.5 | F43: 7.4 | G43: 7.7 | H43: 7.6 | I43: 78.8 | J43: 16 | K43: 80 | L43: 48 | M43: 1 | N43: 3 | O43: 2 | P43: =AVERAGE(C43,D43,E43,F43,I43,J43) -> 38.8 | Q43: =AVERAGE(L43,I43,H43,E43,D43,C43) -> 44.166667 | R43: 24.1 | S43: 53.8 | T43: 49.9 | U43: 69.1 | V43: =AVERAGE(R43:T43) -> 42.6 | W43: 92.6 | X43: 87.7 | Y43: =AVERAGE(W43,X43) -> 90.15 | Z43: =AVERAGE(V43,Q43,Y43) -> 58.972222 | AA43: =AVERAGE(C43,D43,E43,F43,I43,L43,R43,T43,W43,X43) -> 51.91
A44: Qwen/Qwen2.5-14B-Instruct | B44: INSTRUCT | C44: 36.8 | D44: 16 | E44: 57.1 | F44: 6.2 | G44: 6.2 | H44: 6.2 | I44: 71.8 | J44: 16 | K44: 88 | L44: 52 | P44: =AVERAGE(C44,D44,E44,F44,I44,J44) -> 33.983333 | Q44: =AVERAGE(L44,I44,H44,E44,D44,C44) -> 39.983333 | R44: 23.3 | S44: 53 | T44: 47.2 | U44: 68.5 | V44: =AVERAGE(R44:T44) -> 41.166667 | W44: 91 | X44: 85.9 | Y44: =AVERAGE(W44,X44) -> 88.45 | Z44: =AVERAGE(V44,Q44,Y44) -> 56.533333 | AA44: =AVERAGE(C44,D44,E44,F44,I44,L44,R44,T44,W44,X44) -> 48.73
A45: asg-ai_athena-cti-sft-llama31-8b-abaligned-v8 (small) | B45: SFT | C45: 62.5 | D45: 46.4 | E45: 63.4 | F45: 39.8 | G45: 42.9 | H45: 41.6 | I45: 83.7 | J45: 8 | K45: 91 | L45: 49.5 | P45: =AVERAGE(C45,D45,E45,F45,I45,J45) -> 50.633333 | Q45: =AVERAGE(L45,I45,H45,E45,D45,C45) -> 57.85 | R45: 7 | S45: 42.4 | T45: 16.2 | U45: 46.8 | V45: =AVERAGE(R45:T45) -> 21.866667 | W45: 53.8 | X45: 52.2 | Y45: =AVERAGE(W45,X45) -> 53 | Z45: =AVERAGE(V45,Q45,Y45) -> 44.238889 | AA45: =AVERAGE(C45,D45,E45,F45,I45,L45,R45,T45,W45,X45) -> 47.45
A46: meta-llama/Meta-Llama-3.1-8B-Instruct | B46: INSTRUCT | C46: 59.7 | D46: 12 | E46: 42.1 | F46: 7.8 | G46: 8 | H46: 7.9 | I46: 73.6 | J46: 18 | K46: 64 | L46: 41 | M46: 3.8 | N46: 14.3 | O46: 9 | P46: =AVERAGE(C46,D46,E46,F46,I46,J46) -> 35.533333 | Q46: =AVERAGE(L46,I46,H46,E46,D46,C46) -> 39.383333 | R46: 16.1 | S46: 47.9 | T46: 29.1 | U46: 58.3 | V46: =AVERAGE(R46:T46) -> 31.033333 | W46: 86.2 | X46: 82.7 | Y46: =AVERAGE(W46,X46) -> 84.45 | Z46: =AVERAGE(V46,Q46,Y46) -> 51.622222 | AA46: =AVERAGE(C46,D46,E46,F46,I46,L46,R46,T46,W46,X46) -> 45.03

Sheet Glaukopis (TEST)
B1: AthenaBench | R1: CyberSOCEval | W1: CyberMetric | Z1: Total Score (Avg) | AA1: Weighted Avg Total Score
A2: Model | B2: Type | C2: CKT (Accuracy) | D2: ATE (Accuracy) | E2: RCM (Accuracy) | F2: RMS (F1-score) | I2: VSP (Accuracy) | J2: Threat Actor Attribution (Accuracy) | P2: AB Avg I (Acc) | Q2: AB Avg II (Comb) | R2: CyberSOCEval (Accuracy) | W2: 2000 (acc) | X2: 10000 (acc) | Y2: Avg
C3: CKT: CTI Knowledge Test (MCQ) | D3: ATE: Attack Technique Enumeration | E3: RCM: Root Cause Mapping | F3: RMS: Risk Mitigation Strategy | I3: VSP: Vulnerability Severity Prediction | J3: TAA Classic | M3: TAA Canonical | R3: Malware | T3: Threat Intel | V3: Combined (acc)
F4: f1 | G4: plausible_f1 | H4: combined_f1 | J4: accurate | K4: plausible | L4: combined | M4: accurate | N4: plausible | O4: combined | R4: acc | S4: avg | T4: acc | U4: avg
A5: gpt-5.5** | B5: FRONTIER | C5: 93.8 | D5: 89 | E5: 74.8 | F5: 53.8 | G5: 55.9 | H5: 55.1 | I5: 88.9 | J5: 57 | K5: 81 | L5: 69 | P5: =AVERAGE(C5,D5,E5,F5,I5,J5) -> 76.216667 | Q5: =AVERAGE(L5,I5,H5,E5,D5,C5) -> 78.433333 | R5: ** | S5: ** | T5: ** | U5: ** | V5: ** | Z5: NA | AA5: NA
A6: gpt-5.5 (high) | B6: FRONTIER | C6: 94.2 | D6: 90.6 | E6: 74.8 | F6: 45.3 | G6: 47.2 | H6: 46.4 | I6: 88.9 | J6: 56 | K6: 79 | L6: 67.5 | P6: =AVERAGE(C6,D6,E6,F6,I6,J6) -> 74.966667 | Q6: =AVERAGE(L6,I6,H6,E6,D6,C6) -> 77.066667 | R6: ** | S6: ** | T6: ** | U6: ** | V6: ** | Z6: NA | AA6: NA
A7: gemini-3-pro-preview^ | B7: FRONTIER | C7: 90.83 | D7: 83.2 | E7: 74.35 | F7: 43.1 | H7: =F7 -> 43.1 | I7: 90.66 | J7: 36 | K7: 76 | L7: 56 | P7: =AVERAGE(C7,D7,E7,F7,I7,J7) -> 69.69 | Q7: =AVERAGE(L7,I7,H7,E7,D7,C7) -> 73.023333 | Y7: =AVERAGE(W7,X7) -> #DIV/0!
A8: gemini-3-flash-preview | B8: FRONTIER | C8: 91.5 | D8: 83.2 | E8: 74.5 | F8: 33.9 | G8: 35.7 | H8: 34.9 | I8: 89 | J8: 37 | K8: 86 | L8: 61.5 | P8: =AVERAGE(C8,D8,E8,F8,I8,J8) -> 68.183333 | Q8: =AVERAGE(L8,I8,H8,E8,D8,C8) -> 72.433333 | R8: 29 | S8: 58.9 | T8: 56.3 | U8: 71.8 | V8: =AVERAGE(R8:T8) -> 48.066667 | W8: 93.9 | X8: 90.3 | Y8: =AVERAGE(W8,X8) -> 92.1 | Z8: =AVERAGE(V8,P8,Y8) -> 69.45 | AA8: =AVERAGE(C8,D8,E8,F8,I8,J8,R8,T8,W8,X8) -> 67.86
A9: gpt-5.2-high | B9: FRONTIER | C9: 91.5 | D9: 74.4 | E9: 72.4 | F9: 35.7 | G9: 35.7 | H9: 35.7 | I9: 85.9 | J9: 49 | K9: 86 | L9: 67.5 | P9: =AVERAGE(C9,D9,E9,F9,I9,J9) -> 68.15 | Q9: =AVERAGE(L9,I9,H9,E9,D9,C9) -> 71.233333 | R9: 28.5 | S9: 56.7 | T9: 55.9 | U9: 71.8 | V9: =AVERAGE(R9:T9) -> 47.033333 | W9: 94.3 | X9: 90.3 | Y9: =AVERAGE(W9,X9) -> 92.3 | Z9: =AVERAGE(V9,P9,Y9) -> 69.161111 | AA9: =AVERAGE(C9,D9,E9,F9,I9,J9,R9,T9,W9,X9) -> 67.79
A10: deepseek-ai/DeepSeek-V4-Pro | B10: PT-OS | C10: 88.8 | D10: 74.8 | E10: 74.1 | F10: 33.8 | G10: 36.6 | H10: 35.4 | I10: 83.5 | J10: 36 | K10: 77 | L10: 74.8 | P10: =AVERAGE(C10,D10,E10,F10,I10,J10) -> 65.166667 | Q10: =AVERAGE(L10,I10,H10,E10,D10,C10) -> 71.9 | R10: 34.6 | S10: 63.2 | T10: 58.9 | U10: 73.8 | V10: =AVERAGE(R10:T10) -> 52.233333 | W10: 94.2 | X10: 89.4 | Y10: =AVERAGE(W10,X10) -> 91.8 | Z10: =AVERAGE(V10,P10,Y10) -> 69.733333 | AA10: =AVERAGE(C10,D10,E10,F10,I10,J10,R10,T10,W10,X10) -> 66.81
A11: deepseek-ai/DeepSeek-v3.2-Exp | B11: PT-OS | C11: 86.6 | D11: 56.4 | E11: 70.4 | F11: 22.7 | G11: 22.7 | H11: 22.7 | I11: 83.7 | J11: 31 | K11: 88 | L11: 59.5 | P11: =AVERAGE(C11,D11,E11,F11,I11,J11) -> 58.466667 | Q11: =AVERAGE(L11,I11,H11,E11,D11,C11) -> 63.216667 | R11: 28.3 | S11: 57.2 | T11: 56.1 | U11: 73.2 | V11: =AVERAGE(R11:T11) -> 47.2 | W11: 94.1 | X11: 89.3 | Y11: =AVERAGE(W11,X11) -> 91.7 | Z11: =AVERAGE(V11,P11,Y11) -> 65.788889 | AA11: =AVERAGE(C11,D11,E11,F11,I11,J11,R11,T11,W11,X11) -> 61.86
A12: asg-ai/athena-cti-sft-qwen25-32b-abaligned-v7 | B12: SFT | C12: 71 | D12: 57.4 | E12: 62.1 | F12: 67.5 | G12: 69.2 | H12: 68.5 | I12: 83.4 | J12: 17 | K12: 88 | L12: 52.5 | P12: =AVERAGE(C12,D12,E12,F12,I12,J12) -> 59.733333 | Q12: =AVERAGE(L12,I12,H12,E12,D12,C12) -> 65.816667 | R12: 19.3 | S12: 52 | T12: 47.6 | U12: 68.4 | V12: =AVERAGE(R12:T12) -> 39.633333 | W12: 91 | X12: 86.2 | Y12: =AVERAGE(W12,X12) -> 88.6 | Z12: =AVERAGE(V12,P12,Y12) -> 62.655556 | AA12: =AVERAGE(C12,D12,E12,F12,I12,J12,R12,T12,W12,X12) -> 60.25
A13: gemini-2.5-flash | B13: FRONTIER | C13: 79 | D13: 51.6 | E13: 65.05 | F13: 13.4445 | H13: =F13 -> 13.4445 | I13: 78.499 | J13: 30 | K13: 87 | L13: 58.5 | P13: =AVERAGE(C13,D13,E13,F13,I13,J13) -> 52.93225 | Q13: =AVERAGE(L13,I13,H13,E13,D13,C13) -> 57.68225 | R13: 30.3 | S13: 60.2 | T13: 48 | U13: 67.1 | V13: =AVERAGE(R13:T13) -> 46.166667 | W13: 93.5 | X13: 88.6 | Y13: =AVERAGE(W13,X13) -> 91.05 | Z13: =AVERAGE(V13,P13,Y13) -> 63.382972 | AA13: =AVERAGE(C13,D13,E13,F13,I13,J13,R13,T13,W13,X13) -> 57.79935
A14: deepseek-ai/DeepSeek-V3.1-Terminus | B14: PT-OS
A15: asg-ai/athena-cti-sft-qwen25-14b-v12 | B15: SFT | C15: 70.1 | D15: 57 | E15: 69 | F15: 61.9 | G15: 64.4 | H15: 63.3 | I15: 84.6 | J15: 11 | K15: 60 | L15: 35.5 | M15: 14.3 | N15: 63.2 | O15: 38.7 | P15: =AVERAGE(C15,D15,E15,F15,I15,J15) -> 58.933333 | Q15: =AVERAGE(L15,I15,H15,E15,D15,C15) -> 63.25 | R15: 10.3 | S15: 45.1 | T15: 32.4 | U15: 59.4 | V15: =AVERAGE(R15:U15) -> 36.8 | W15: 90.7 | X15: 85.7 | Y15: =AVERAGE(W15,X15) -> 88.2 | Z15: =AVERAGE(V15,P15,Y15) -> 61.311111 | AA15: =AVERAGE(C15,D15,E15,F15,I15,J15,R15,T15,W15,X15) -> 57.27
A16: asg-ai/athena-cti-sft-qwen25-14b-abaligned-v9 | B16: SFT | C16: 63.1 | D16: 56 | E16: 65.2 | F16: 64.7 | G16: 66.6 | H16: 65.8 | I16: 77.3 | J16: 9 | K16: 63 | L16: 36 | P16: =AVERAGE(C16,D16,E16,F16,I16,J16) -> 55.883333 | Q16: =AVERAGE(L16,I16,H16,E16,D16,C16) -> 60.566667 | R16: 9.4 | S16: 45 | T16: 43.9 | U16: 64.3 | V16: =AVERAGE(R16:U16) -> 40.65 | W16: 90.3 | X16: 85.4 | Y16: =AVERAGE(W16,X16) -> 87.85 | Z16: =AVERAGE(V16,P16,Y16) -> 61.461111 | AA16: =AVERAGE(C16,D16,E16,F16,I16,J16,R16,T16,W16,X16) -> 56.43
A17: google/gemma-4-31B-it* | B17: INSTRUCT | C17: 24.7 | D17: 48.8 | E17: 64.6 | F17: 22.7 | G17: 24 | H17: 23.5 | I17: 88.7 | J17: 31 | K17: 74 | L17: 52.5 | P17: =AVERAGE(C17,D17,E17,F17,I17,J17) -> 46.75 | Q17: =AVERAGE(L17,I17,H17,E17,D17,C17) -> 50.466667 | R17: 29.3 | S17: 56.7 | T17: 57.1 | U17: 72.7 | V17: =AVERAGE(R17:T17) -> 47.7 | W17: 93.8 | X17: 88.9 | Y17: =AVERAGE(W17,X17) -> 91.35 | Z17: =AVERAGE(V17,P17,Y17) -> 61.933333 | AA17: =AVERAGE(C17,D17,E17,F17,I17,J17,R17,T17,W17,X17) -> 54.96
A18: asg-ai/athena-cti-sft-qwen25-14b-v14p1-taa | B18: SFT
A19: asg-ai/athena-cti-sft-qwen25-14b-abaligned-v7 | B19: SFT | C19: 57.3 | D19: 52.6 | E19: 58.9 | F19: 67.1 | G19: 68.9 | H19: 68.1 | I19: 80.1 | J19: 13 | K19: 73 | L19: 43 | P19: =AVERAGE(C19,D19,E19,F19,I19,J19) -> 54.833333 | Q19: =AVERAGE(L19,I19,H19,E19,D19,C19) -> 60 | R19: 16.1 | S19: 48.6 | T19: 35.4 | U19: 61.5 | V19: =AVERAGE(R19:T19) -> 33.366667 | W19: 86.8 | X19: 82.8 | Y19: =AVERAGE(W19,X19) -> 84.8 | Z19: =AVERAGE(V19,P19,Y19) -> 57.666667 | AA19: =AVERAGE(C19,D19,E19,F19,I19,J19,R19,T19,W19,X19) -> 55.01
A20: asg-ai/athena-cti-sft-qwen25-14b-v14p1-rms | B20: SFT | C20: 71.3 | D20: 57.6 | E20: 67.7 | F20: 51.2 | G20: 55.4 | H20: 53.7 | I20: 82.5 | J20: 13 | K20: 84 | L20: 48.5 | M20: 7.5 | N20: 33.1 | O20: 20.3 | P20: =AVERAGE(C20,D20,E20,F20,I20,J20) -> 57.216667 | Q20: =AVERAGE(L20,I20,H20,E20,D20,C20) -> 63.55 | R20: 6.8 | S20: 39.5 | T20: 21.2 | U20: 51.2 | V20: =AVERAGE(R20:T20) -> 22.5 | W20: 89.2 | X20: 84.7 | Y20: =AVERAGE(W20,X20) -> 86.95 | Z20: =AVERAGE(V20,P20,Y20) -> 55.555556 | AA20: =AVERAGE(C20,D20,E20,F20,I20,J20,R20,T20,W20,X20) -> 54.52
A21: asg-ai/athena-cti-sft-qwen25-14b-v13 | B21: SFT | C21: 70 | D21: 49.6 | E21: 65.9 | F21: 43.6 | G21: 46.7 | H21: 45.4 | I21: 85.5 | J21: 7 | K21: 80 | L21: 43.5 | M21: 18.1 | N21: 31.6 | O21: 24.8 | P21: =AVERAGE(C21,D21,E21,F21,I21,J21) -> 53.6 | Q21: =AVERAGE(L21,I21,H21,E21,D21,C21) -> 59.983333 | R21: 11.5 | S21: 44.7 | T21: 38.6 | U21: 63.9 | V21: =AVERAGE(R21:U21) -> 39.675 | W21: 88.8 | X21: 84.3 | Y21: =AVERAGE(W21,X21) -> 86.55 | Z21: =AVERAGE(V21,P21,Y21) -> 59.941667 | AA21: =AVERAGE(C21,D21,E21,F21,I21,J21,R21,T21,W21,X21) -> 54.48
A22: asg-ai/athena-cti-sft-qwen25-14b-v11 | B22: SFT | C22: 63.4 | D22: 42.4 | E22: 62.4 | F22: 46 | G22: 49.4 | H22: 48 | I22: 70.9 | J22: 16 | K22: 83 | L22: 49.5 | P22: =AVERAGE(C22,D22,E22,F22,I22,J22) -> 50.183333 | Q22: =AVERAGE(L22,I22,H22,E22,D22,C22) -> 56.1 | R22: 20.9 | S22: 50.4 | T22: 46.4 | U22: 67.2 | V22: =AVERAGE(R22:U22) -> 46.225 | W22: 89.5 | X22: 85 | Y22: =AVERAGE(W22,X22) -> 87.25 | Z22: =AVERAGE(V22,P22,Y22) -> 61.219444 | AA22: =AVERAGE(C22,D22,E22,F22,I22,J22,R22,T22,W22,X22) -> 54.29
A23: asg-ai/athena-cti-sft-qwen25-14b-abaligned-v10 | B23: SFT | C23: 53.4 | D23: 46.2 | E23: 63.2 | F23: 48.7 | G23: 52.2 | H23: 50.7 | I23: 86.7 | J23: 10 | K23: 91 | L23: 50.5 | P23: =AVERAGE(C23,D23,E23,F23,I23,J23) -> 51.366667 | Q23: =AVERAGE(L23,I23,H23,E23,D23,C23) -> 58.45 | R23: 21 | S23: 51.1 | T23: 39 | U23: 63.8 | V23: =AVERAGE(R23:U23) -> 43.725 | W23: 88.6 | X23: 84.4 | Y23: =AVERAGE(W23,X23) -> 86.5 | Z23: =AVERAGE(V23,P23,Y23) -> 60.530556 | AA23: =AVERAGE(C23,D23,E23,F23,I23,J23,R23,T23,W23,X23) -> 54.12
A24: asg-ai/athena-cti-sft-qwen25-14b-abaligned-v8-vllm | B24: SFT | C24: 77.6 | D24: 47.6 | E24: 64.5 | F24: 36 | G24: 39.9 | H24: 38.3 | I24: 79.3 | J24: 6 | K24: 92 | L24: 49 | P24: =AVERAGE(C24,D24,E24,F24,I24,J24) -> 51.833333 | Q24: =AVERAGE(L24,I24,H24,E24,D24,C24) -> 59.383333 | R24: 8 | S24: 43.6 | T24: 43.6 | U24: 66.3 | V24: =AVERAGE(R24:U24) -> 40.375 | W24: 90.7 | X24: 85.6 | Y24: =AVERAGE(W24,X24) -> 88.15 | Z24: =AVERAGE(V24,P24,Y24) -> 60.119444 | AA24: =AVERAGE(C24,D24,E24,F24,I24,J24,R24,T24,W24,X24) -> 53.89
A25: ftdn-ai/Foundation-Sec-8B-Instruct | B25: INSTRUCT | C25: 77.8 | D25: 36.4 | E25: 65.3 | F25: 27.5 | G25: 28.78 | H25: 28.3 | I25: 65.1 | J25: 26 | K25: 89 | L25: 57.5 | P25: =AVERAGE(C25,D25,E25,F25,I25,J25) -> 49.683333 | Q25: =AVERAGE(L25,I25,H25,E25,D25,C25) -> 55.066667 | R25: 16.9 | S25: 48.3 | T25: 38.3 | U25: 61.6 | V25: =AVERAGE(R25:T25) -> 34.5 | W25: 85.6 | X25: 81.7 | Y25: =AVERAGE(W25,X25) -> 83.65 | Z25: =AVERAGE(V25,P25,Y25) -> 55.944444 | AA25: =AVERAGE(C25,D25,E25,F25,I25,J25,R25,T25,W25,X25) -> 52.06
A26: asg-ai/athena-cti-sft-qwen25-14b-v14p1-ab | B26: SFT | C26: 71.9 | D26: 58.2 | E26: 71.9 | F26: 30.7 | G26: 32 | H26: 31.4 | I26: 83.6 | J26: 15 | K26: 76 | L26: 45.5 | M26: 17.3 | N26: 82.7 | O26: 50 | P26: =AVERAGE(C26,D26,E26,F26,I26,J26) -> 55.216667 | Q26: =AVERAGE(L26,I26,H26,E26,D26,C26) -> 60.416667 | R26: 0 | S26: 30.8 | T26: 13.7 | U26: 47.5 | V26: =AVERAGE(R26:T26) -> 14.833333 | W26: 89.5 | X26: 84.9 | Y26: =AVERAGE(W26,X26) -> 87.2 | Z26: =AVERAGE(V26,P26,Y26) -> 52.416667 | AA26: =AVERAGE(C26,D26,E26,F26,I26,J26,R26,T26,W26,X26) -> 51.94
A27: asg-ai/athena-cti-sft-qwen25-14b-abaligned-v81 | B27: SFT | C27: 63.2 | D27: 30.2 | E27: 54 | F27: 44.9 | G27: 48.7 | H27: 47.1 | I27: 81 | J27: 15 | K27: 87 | L27: 51 | P27: =AVERAGE(C27,D27,E27,F27,I27,J27) -> 48.05 | Q27: =AVERAGE(L27,I27,H27,E27,D27,C27) -> 54.416667 | R27: 12.3 | S27: 46 | T27: 38.3 | U27: 63.4 | V27: =AVERAGE(R27:T27) -> 32.2 | W27: 84.8 | X27: 81.3 | Y27: =AVERAGE(W27,X27) -> 83.05 | Z27: =AVERAGE(V27,P27,Y27) -> 54.433333 | AA27: =AVERAGE(C27,D27,E27,F27,I27,J27,R27,T27,W27,X27) -> 50.5
A28: asg-ai/athena-cti-sft-llama31-8b-abaligned-v7 | B28: SFT | C28: 57.6 | D28: 50 | E28: 65.8 | F28: 62.6 | G28: 64.3 | H28: 63.6 | I28: 75 | J28: 17 | K28: 82 | L28: 49.5 | P28: =AVERAGE(C28,D28,E28,F28,I28,J28) -> 54.666667 | Q28: =AVERAGE(L28,I28,H28,E28,D28,C28) -> 60.25 | R28: 6 | S28: 41.3 | T28: 14.3 | U28: 46 | V28: =AVERAGE(R28:T28) -> 20.533333 | W28: 78.4 | X28: 75.5 | Y28: =AVERAGE(W28,X28) -> 76.95 | Z28: =AVERAGE(V28,P28,Y28) -> 50.716667 | AA28: =AVERAGE(C28,D28,E28,F28,I28,J28,R28,T28,W28,X28) -> 50.22
A29: asg-ai/minerva-llama3.1-8b | B29: RL | C29: 41.6 | D29: 47.6 | E29: 69.2 | F29: 35.3 | G29: 36.9 | H29: 36.3 | I29: 88.1 | J29: 4 | K29: 34 | L29: 19 | P29: =AVERAGE(C29,D29,E29,F29,I29,J29) -> 47.633333 | Q29: =AVERAGE(L29,I29,H29,E29,D29,C29) -> 50.3 | R29: 13 | S29: 47.4 | T29: 24.7 | U29: 54.2 | V29: =AVERAGE(R29:T29) -> 28.366667 | W29: 87.3 | X29: 82.8 | Y29: =AVERAGE(W29,X29) -> 85.05 | Z29: =AVERAGE(V29,P29,Y29) -> 53.683333 | AA29: =AVERAGE(C29,D29,E29,F29,I29,J29,R29,T29,W29,X29) -> 49.36
A30: Qwen/Qwen2.5-32B-Instruct | B30: INSTRUCT | C30: 52.6 | D30: 20.2 | E30: 59.7 | F30: 7.9 | G30: 8.11 | H30: 8 | I30: 78.8 | J30: 17 | K30: 83 | L30: 50 | P30: =AVERAGE(C30,D30,E30,F30,I30,J30) -> 39.366667 | Q30: =AVERAGE(L30,I30,H30,E30,D30,C30) -> 44.883333 | R30: 22.8 | S30: 53 | T30: 49.5 | U30: 69.4 | V30: =AVERAGE(R30:U30) -> 48.675 | W30: 92.5 | X30: 87.6 | Y30: =AVERAGE(W30,X30) -> 90.05 | Z30: =AVERAGE(V30,P30,Y30) -> 59.363889 | AA30: =AVERAGE(C30,D30,E30,F30,I30,J30,R30,T30,W30,X30) -> 48.86
A31: Qwen/Qwen2.5-14B-Instruct | B31: INSTRUCT | C31: 36.8 | D31: 16 | E31: 57.1 | F31: 6.2 | G31: 6.2 | H31: 6.2 | I31: 71.8 | J31: 16 | K31: 88 | L31: 52 | P31: =AVERAGE(C31,D31,E31,F31,I31,J31) -> 33.983333 | Q31: =AVERAGE(L31,I31,H31,E31,D31,C31) -> 39.983333 | R31: 23.3 | S31: 53 | T31: 47.2 | U31: 68.5 | V31: =AVERAGE(R31:T31) -> 41.166667 | W31: 91 | X31: 85.9 | Y31: =AVERAGE(W31,X31) -> 88.45 | Z31: =AVERAGE(V31,P31,Y31) -> 54.533333 | AA31: =AVERAGE(C31,D31,E31,F31,I31,J31,R31,T31,W31,X31) -> 45.13
A32: asg-ai_athena-cti-sft-llama31-8b-abaligned-v8 (small) | B32: SFT | C32: 62.5 | D32: 46.4 | E32: 63.4 | F32: 39.8 | G32: 42.9 | H32: 41.6 | I32: 83.7 | J32: 8 | K32: 91 | L32: 49.5 | P32: =AVERAGE(C32,D32,E32,F32,I32,J32) -> 50.633333 | Q32: =AVERAGE(L32,I32,H32,E32,D32,C32) -> 57.85 | R32: 7 | S32: 42.4 | T32: 16.2 | U32: 46.8 | V32: =AVERAGE(R32:U32) -> 28.1 | W32: 53.8 | X32: 52.2 | Y32: =AVERAGE(W32,X32) -> 53 | Z32: =AVERAGE(V32,P32,Y32) -> 43.911111 | AA32: =AVERAGE(C32,D32,E32,F32,I32,J32,R32,T32,W32,X32) -> 43.3
A33: meta-llama/Meta-Llama-3.1-8B-Instruct | B33: INSTRUCT | C33: 59.8 | D33: 12.8 | E33: 42.5 | F33: 5.9 | G33: 6 | H33: 5.9 | I33: 72.5 | J33: 25 | K33: 92 | L33: 58.5 | P33: =AVERAGE(C33,D33,E33,F33,I33,J33) -> 36.416667 | Q33: =AVERAGE(L33,I33,H33,E33,D33,C33) -> 42 | R33: 18.8 | S33: 48 | T33: 29 | U33: 58.2 | V33: =AVERAGE(R33:T33) -> 31.933333 | W33: 86.2 | X33: 82.8 | Y33: =AVERAGE(W33,X33) -> 84.5 | Z33: =AVERAGE(V33,P33,Y33) -> 50.95 | AA33: =AVERAGE(C33,D33,E33,F33,I33,J33,R33,T33,W33,X33) -> 43.53
A34: Qwen/Qwen3-32B (non-thinking) | B34: SFT | C34: 18.7 | D34: 25.2 | E34: 38.5 | F34: 6.9 | G34: 7 | H34: 7 | I34: 84.6 | J34: 6 | K34: 39 | L34: 22.5 | P34: =AVERAGE(C34,D34,E34,F34,I34,J34) -> 29.983333 | Q34: =AVERAGE(L34,I34,H34,E34,D34,C34) -> 32.75 | R34: 37.5 | S34: 65.4 | T34: 61.2 | U34: 76.6 | V34: =AVERAGE(R34:T34) -> 54.7 | W34: 20.2 | X34: 19.7 | Y34: =AVERAGE(W34,X34) -> 19.95 | Z34: =AVERAGE(V34,P34,Y34) -> 34.877778 | AA34: =AVERAGE(C34,D34,E34,F34,I34,J34,R34,T34,W34,X34) -> 31.85
A35: Qwen/Qwen3-32B (thinking) | B35: PT-INSTRUCT | C35: 18.1 | D35: 25.2 | E35: 38.5 | F35: 6.9 | G35: 7 | H35: 7 | I35: 84.6 | J35: 6 | K35: 39 | L35: 22.5 | P35: =AVERAGE(C35,D35,E35,F35,I35,J35) -> 29.883333 | Q35: =AVERAGE(L35,I35,H35,E35,D35,C35) -> 32.65 | R35: 37.5 | S35: 65.4 | T35: 61.2 | U35: 76.6 | V35: =AVERAGE(R35:U35) -> 60.175 | W35: 20.2 | X35: 19.7 | Y35: =AVERAGE(W35,X35) -> 19.95 | Z35: =AVERAGE(V35,P35,Y35) -> 36.669444 | AA35: =AVERAGE(C35,D35,E35,F35,I35,J35,R35,T35,W35,X35) -> 31.79
A37: *rate limiting in place, may affect reliability of results
A38: **Blocked by provider as a security guardrail
A39: ^too costly to run

Sheet Glaukopis (deprecated)
C1: AthenaBench | Q1: CyberSOCEval | V1: Total Score (Avg) | W1: Weighted Avg Total Score
A2: Model Family | B2: Model | C2: Type | D2: LoRA | E2: CKT (Accuracy) | F2: ATE (Accuracy) | G2: RCM (Accuracy) | H2: RMS (F1-score) | K2: VSP (Accuracy) | L2: TAA (Accuracy) | O2: AB Combined I (TAA Acc) | P2: AthenaBench Total Score (Avg) | Q2: CyberSOCEval (Accuracy)
E3: CKT: CTI Knowledge Test (MCQ) | F3: ATE: Attack Technique Enumeration | G3: RCM: Root Cause Mapping | H3: RMS: Risk Mitigation Strategy | K3: VSP: Vulnerability Severity Prediction | L3: TAA: Threat Actor Attribution | Q3: Malware | S3: Threat Intel | U3: Combined (acc)
H4: f1 | I4: plausible_f1 | J4: combined_f1 | L4: accurate | M4: plausible | N4: combined | Q4: acc | R4: avg | S4: acc | T4: avg
B5: gpt-5.5 | C5: FRONTIER | D5: NA | E5: 93.8 | F5: 89 | G5: 74.8 | H5: 53.8 | I5: 55.9 | J5: 55.1 | K5: 88.9 | L5: 57 | M5: 81 | N5: 69 | P5: =AVERAGE(N5,K5,J5,G5,F5,E5) -> 78.433333 | Q5: ** | R5: ** | S5: ** | T5: ** | U5: ** | V5: NA | W5: NA
A6: Google Gemini | B6: gpt-5.5 (high) | C6: FRONTIER | D6: NA | E6: 94.2 | F6: 90.6 | G6: 74.8 | H6: 45.3 | I6: 47.2 | J6: 46.4 | K6: 88.9 | L6: 56 | M6: 79 | N6: 67.5 | P6: =AVERAGE(N6,K6,J6,G6,F6,E6) -> 77.066667 | Q6: ** | R6: ** | S6: ** | T6: ** | U6: ** | V6: NA | W6: NA
A7: Google Gemini | B7: gemini-3-pro-preview^ | C7: FRONTIER | D7: NA | E7: 90.83 | F7: 83.2 | G7: 74.35 | H7: 43.1 | J7: =H7 -> 43.1 | K7: 90.66 | L7: 36 | M7: 76 | N7: 56 | O7: =AVERAGE(E7:L7) -> 65.891429 | P7: =AVERAGE(N7,K7,J7,G7,F7,E7) -> 73.023333
B8: deepseek-ai_DeepSeek-V4-Pro | C8: PT-OS | D8: NA | E8: 88.8 | F8: 74.8 | G8: 74.1 | H8: 33.8 | I8: 36.6 | J8: 35.4 | K8: 83.5 | L8: 36 | M8: 77 | N8: 74.8 | P8: =AVERAGE(N8,K8,J8,G8,F8,E8) -> 71.9 | Q8: 34.6 | R8: 63.2 | S8: 58.9 | T8: 73.8 | U8: =AVERAGE(Q8:S8) -> 52.233333 | V8: =AVERAGE(U8,P8) -> 62.066667 | W8: =AVERAGE(E8,F8,G8,H8,K8,L8,Q8,S8) -> 60.5625
B9: gemini-3-flash-preview | C9: FRONTIER | D9: NA | E9: 91.5 | F9: 83.2 | G9: 74.5 | H9: 33.9 | I9: 35.7 | J9: 34.9 | K9: 89 | L9: 37 | M9: 86 | N9: 61.5 | P9: =AVERAGE(N9,K9,J9,G9,F9,E9) -> 72.433333 | Q9: 29 | R9: 58.9 | S9: 56.3 | T9: 71.8 | U9: =AVERAGE(Q9:S9) -> 48.066667 | V9: =AVERAGE(U9,P9) -> 60.25 | W9: =AVERAGE(E9,F9,G9,H9,K9,L9,Q9,S9) -> 61.8
A10: OpenAI GPT | B10: gpt-5.2-high | C10: FRONTIER | D10: NA | E10: 91.5 | F10: 74.4 | G10: 72.4 | H10: 35.7 | I10: 35.7 | J10: 35.7 | K10: 85.9 | L10: 49 | M10: 86 | N10: 67.5 | O10: =AVERAGE(E10:L10) -> 60.0375 | P10: =AVERAGE(N10,K10,J10,G10,F10,E10) -> 71.233333 | Q10: 28.5 | R10: 56.7 | S10: 55.9 | T10: 71.8 | U10: =AVERAGE(Q10:S10) -> 47.033333 | V10: =AVERAGE(U10,P10) -> 59.133333 | W10: =AVERAGE(E10,F10,G10,H10,K10,L10,Q10,S10) -> 61.6625
A11: DeepSeek | B11: DeepSeek-v3.2-exp-hf | C11: PT-OS | D11: NA | E11: 86.6 | F11: 56.4 | G11: 70.4 | H11: 22.7 | I11: 22.7 | J11: 22.7 | K11: 83.7 | L11: 31 | M11: 88 | N11: 59.5 | O11: =AVERAGE(E11:L11) -> 49.525 | P11: =AVERAGE(N11,K11,J11,G11,F11,E11) -> 63.216667 | Q11: 28.3 | R11: 57.2 | S11: 56.1 | T11: 73.2 | U11: =AVERAGE(Q11:S11) -> 47.2 | V11: =AVERAGE(U11,P11) -> 55.208333 | W11: =AVERAGE(E11,F11,G11,H11,K11,L11,Q11,S11) -> 54.4
A12: Google Gemini | B12: gemini-2.5-flash | C12: FRONTIER | D12: NA | E12: 79 | F12: 51.6 | G12: 65.05 | H12: 13.4445 | J12: =H12 -> 13.4445 | K12: 78.499 | L12: 30 | M12: 87 | N12: 58.5 | O12: =AVERAGE(E12:L12) -> 47.291143 | P12: =AVERAGE(N12,K12,J12,G12,F12,E12) -> 57.68225 | Q12: 30.3 | R12: 60.2 | S12: 48 | T12: 67.1 | U12: =AVERAGE(Q12:S12) -> 46.166667 | V12: =AVERAGE(U12,P12) -> 51.924458 | W12: =AVERAGE(E12,F12,G12,H12,K12,L12,Q12,S12) -> 49.486687
B13: asg-ai/athena-cti-sft-qwen25-14b-abaligned-v7 | C13: SFT | D13: No | E13: 57.3 | F13: 52.6 | G13: 58.9 | H13: 67.1 | I13: 68.9 | J13: 68.1 | K13: 80.1 | L13: 13 | M13: 73 | N13: 43 | P13: =AVERAGE(N13,K13,J13,G13,F13,E13) -> 60 | Q13: 16.1 | R13: 48.6 | S13: 35.4 | T13: 61.5 | U13: =AVERAGE(Q13:T13) -> 40.4 | V13: =AVERAGE(U13,P13) -> 50.2 | W13: =AVERAGE(E13,F13,G13,H13,K13,L13,Q13,S13) -> 47.5625
B14: google_gemma-4-31B-it* | C14: INSTRUCT | D14: NA | E14: 24.7 | F14: 48.8 | G14: 64.6 | H14: 22.7 | I14: 24 | J14: 23.5 | K14: 88.7 | L14: 31 | M14: 74 | N14: 52.5 | P14: =AVERAGE(N14,K14,J14,G14,F14,E14) -> 50.466667 | Q14: 29.3 | R14: 56.7 | S14: 57.1 | T14: 72.7 | U14: =AVERAGE(Q14:S14) -> 47.7 | V14: =AVERAGE(U14,P14) -> 49.083333 | W14: =AVERAGE(E14,F14,G14,H14,K14,L14,Q14,S14) -> 45.8625
B15: asg-ai/athena-cti-sft-llama31-8b-abaligned-v7 | C15: SFT | D15: No | E15: 57.6 | F15: 50 | G15: 65.8 | H15: 62.6 | I15: 64.3 | J15: 63.6 | K15: 75 | L15: 17 | M15: 82 | N15: 49.5 | P15: =AVERAGE(N15,K15,J15,G15,F15,E15) -> 60.25 | Q15: 6 | R15: 41.3 | S15: 14.3 | T15: 46 | U15: =AVERAGE(Q15:S15) -> 20.533333 | V15: =AVERAGE(U15,P15) -> 40.391667 | W15: =AVERAGE(E15,F15,G15,H15,K15,L15,Q15,S15) -> 43.5375
A16: Meta-Llama | B16: meta-llama/Meta-Llama-3.1-8B-Instruct | C16: INSTRUCT | D16: NA | E16: 59.8 | F16: 12.8 | G16: 42.5 | H16: 5.9 | I16: 6 | J16: 5.9 | K16: 72.5 | L16: 25 | M16: 92 | N16: 58.5 | O16: =AVERAGE(E16:L16) -> 28.8 | P16: =AVERAGE(N16,K16,J16,G16,F16,E16) -> 42 | Q16: 18.8 | R16: 48 | S16: 29 | T16: 58.2 | U16: =AVERAGE(Q16:S16) -> 31.933333 | V16: =AVERAGE(U16,P16) -> 36.966667 | W16: =AVERAGE(E16,F16,G16,H16,K16,L16,Q16,S16) -> 33.2875
A17: Qwen | B17: Qwen/Qwen2.5-14B-Instruct | C17: INSTRUCT | D17: NA | E17: 36.8 | F17: 16 | G17: 57.1 | H17: 6.2 | I17: 6.2 | J17: 6.2 | K17: 71.8 | L17: 16 | M17: 88 | N17: 52 | O17: =AVERAGE(E17:L17) -> 27.0375 | P17: =AVERAGE(N17,K17,J17,G17,F17,E17) -> 39.983333
A18: Mistral AI | B18: mistralai/Mistral-7B-Instruct-v0.3 | C18: INSTRUCT | D18: NA | E18: 61.7 | F18: 5.4 | G18: 45 | H18: 3.1 | I18: 3.1 | J18: =H18 -> 3.1 | K18: 65.2 | L18: 22 | M18: 91 | N18: 56.5 | O18: =AVERAGE(E18:L18) -> 26.075 | P18: =AVERAGE(N18,K18,J18,G18,F18,E18) -> 39.483333
B19: moonshotai_Kimi-K2.6* | C19: PT-OS | D19: NA | E19: 15.9 | F19: 47.6 | G19: 36.1 | H19: 14.7 | I19: 16.4 | J19: 15.7 | K19: 100 | L19: 3 | M19: 6 | N19: 4.5 | P19: =AVERAGE(N19,K19,J19,G19,F19,E19) -> 36.633333
A20: Microsoft Phi | B20: microsoft/phi-4-vllm | C20: INSTRUCT | D20: NA | E20: 29.6 | F20: 21.8 | G20: 54.5 | H20: 3.2 | I20: 3.2 | J20: 3.2 | K20: 74.8 | L20: 11 | M20: 54 | N20: 32.5 | O20: =AVERAGE(E20:L20) -> 25.1625 | P20: =AVERAGE(N20,K20,J20,G20,F20,E20) -> 36.066667
B21: Qwen/Qwen3-4B-Instruct-2507 | C21: INSTRUCT | D21: NA | E21: 28.8 | F21: 6 | G21: 45.4 | H21: 5.5 | I21: 5.5 | J21: 5.5 | K21: 80.6 | L21: 17 | M21: 92 | N21: 54.5 | O21: =AVERAGE(E21:L21) -> 24.2875 | P21: =AVERAGE(N21,K21,J21,G21,F21,E21) -> 36.8
C23: * | D23: unreliable run with many errors
C24: ** | D24: Blocked by provider as a security guardrail
C25: ^ | D25: too costly to run

Sheet AthenaBench (deprecated)
A1: Model | B1: CKT (Accuracy) | C1: ATE (Accuracy) | D1: RCM (Accuracy) | E1: RMS (F1-score) | F1: VSP (Accracy) | G1: TAA (Accuracy) | H1: Combined
A2: gemini-3-pro-preview | B2: 90.83 | C2: 83.2 | D2: 74.35 | E2: 43.1 | F2: 90.66 | G2: 36 | H2: =AVERAGE(B2:G2) -> 69.69
A3: gpt-5.2-high | B3: 91 | C3: 75.2 | D3: 72.85 | E3: 35.65 | F3: 86.07 | G3: 42 | H3: =AVERAGE(B3:G3) -> 67.128333
A4: gpt-5 | B4: 85.7 | C4: 76 | D4: 71.6 | E4: 32.5956 | F4: 85.4167 | G4: 39 | H4: =AVERAGE(B4:G4) -> 65.05205
A5: gemini-2.5-pro | B5: 82.5 | C5: 76.2 | D5: 71.2 | E5: 28.4312 | F5: 85.4312 | G5: 31 | H5: =AVERAGE(B5:G5) -> 62.4604
A6: gpt-5.2 | B6: 89.1 | C6: 62.2 | D6: 71.4 | E6: 34.15 | F6: 87 | G6: 31 | H6: =AVERAGE(B6:G6) -> 62.475
A7: DeepSeek-v3.2-exp-hf | B7: 86.6 | C7: 56.4 | D7: 70.4 | E7: 22.7 | F7: 83.7 | G7: 31 | H7: =AVERAGE(B7:G7) -> 58.466667
A8: GPT-4o | B8: 85.2333 | C8: 51.6 | D8: 71.3 | E8: 20.1952 | F8: 84.7292 | G8: 35 | H8: =AVERAGE(B8:G8) -> 58.009617
A9: Minerva-Llama8B | B9: 73.33 | C9: 47.6 | D9: 69 | E9: 41.22 | F9: 87.56 | G9: 19 | H9: =AVERAGE(B9:G9) -> 56.285
A10: fdtn-ai_Foundation-Sec-8B-Reasoning | B10: 81.5667 | C10: 48.8 | D10: 70.25 | E10: 20.07 | F10: 81.781 | G10: 20 | H10: =AVERAGE(B10:G10) -> 53.744617
A11: gemini-2.5-flash | B11: 79 | C11: 51.6 | D11: 65.05 | E11: 13.4445 | F11: 78.499 | G11: 30 | H11: =AVERAGE(B11:G11) -> 52.93225
A12: athena-cti-sft-llama31-8b-abaligned-v3 | B12: 62 | C12: 48.4 | D12: 59.8 | E12: 45.9 | F12: 84 | G12: 15 | H12: =AVERAGE(B12:G12) -> 52.516667
A13: athena-cti-sft-llama31-8b-abaligned | B13: 50 | C13: 52.8 | D13: 67.5 | E13: 36.9 | F13: 82.8 | G13: 22 | H13: =AVERAGE(B13:G13) -> 52
... A22: Llama 3.1-8B | B22: 71.8 | C22: 16.4 | D22: 42.7714 | E22: 6 | F22: 74.015 | G22: 24 | H22: =AVERAGE(B22:G22) -> 39.1644
A23: meta-llama_Llama-3.1-8B | B23: 64.1 | D23: 0.25 | F23: 64.4
A24: athena-cti-sft-llama31-8b-abaligned-v4 | B24: 58.2 | C24: 29 | D24: 63.2 | E24: 1.3 | F24: 79.4 | G24: 2 | H24: =AVERAGE(B24:G24) -> 38.85
A25: Qwen3-4B | B25: 74.6667 | C25: 5.6 | D25: 45.35 | E25: 4.8196 | F25: 79.5986 | G25: 15 | H25: =AVERAGE(B25:G25) -> 37.505817
A26: athena-cti-sft-llama31-8b-mcqfixed | B26: 63 | C26: 14.8 | D26: 49.2 | E26: 11.6 | F26: 66.3 | G26: 13 | H26: =AVERAGE(B26:G26) -> 36.316667
A27: fdtn-ai_Foundation-Sec-8B | B27: 35.4 | C27: 41 | D27: 43.3 | E27: 0.79 | F27: 59.73 | G27: 2 | H27: =AVERAGE(B27:G27) -> 30.37
A28: athena-cti-cpt-llama31-8b-v1 | B28: 59.4 | C28: 8.4 | D28: 21.3 | E28: 4.5 | F28: 58.4 | G28: 12 | H28: =AVERAGE(B28:G28) -> 27.333333
A29: meta-llama_Llama-3.1-8B | B29: 59.4 | C29: 0 | D29: 21.3 | E29: 0 | F29: 64.4 | G29: 0 | H29: =AVERAGE(B29:G29) -> 24.183333
A30: meta-llama_Llama-3.1-8B (vLLM) | B30: 34.9 | C30: 2.8 | D30: 1.3 | E30: 0.1 | F30: 58.5 | G30: 7 | H30: =AVERAGE(B30:G30) -> 17.433333
B31: CKT: CTI Knowledge Test (MCQ) | C31: ATE: Attack Technique Enumeration | D31: RCM: Root Cause Mapping | E31: RMS: Risk Mitigation Strategy | F31: VSP: Vulnerability Severity Prediction | G31: TAA: Threat Actor Attribution

Sheet Cyber Metric
A1: Model | B1: CyberMetric-80 (Accuracy %) | C1: CyberMetric-500 (Accuracy %) | D1: CyberMetric-2000 (Accuracy %) | E1: CyberMetric-10000 (Accuracy %)
A2: GPT-4-turbo | B2: 98.75 | C2: 95.6 | D2: 93.7 | E2: 88.49
A3: Llama-3-70b-instruct | B3: 93.75 | C3: 92.4 | D3: 91.45 | E3: 87
A4: Gemini-2.5-flash | B4: 97.5 | C4: 94.8 | D4: 93.5 | E4: 88.61
A5: GPT-5 | B5: 97.5 | C5: 95.8 | D5: 94.35 | E5: 90.33

Sheet CTIBench
A1: Model | B1: CTI-MCQ (Acc %) | D1: CTI-RCM (Acc %) | F1: CTI-VSP (MAD) | H1: CTI-ATE (F1-Macro) | J1: CTI-TAA (Correct Acc %) | L1: CTI-TAA (Plausible Acc %)
B2: MCQ: Multiple Choice Questions | D2: RCM: Root Cause Mapping | F2: VSP: Vulnerability Severity Prediction | H2: ATE: Attack Technique Extraction | J2: TAA: Threat Actor Attribution
A3: Model | B3: Paper Results | C3: Results Reproduced | D3: Paper Results | E3: Results Reproduced | F3: Paper Results | G3: Results Reproduced | H3: Paper Results | I3: Results Reproduced | J3: Paper Results | K3: Results Reproduced | L3: Paper Results | M3: Results Reproduced
A4: GPT-4-turbo | B4: 71 | C4: 70.32 | D4: 72 | E4: 72.1 | F4: 1.31 | G4: 1.2487 | H4: 0.6388 | I4: 0.6479 | J4: 52 | K4: 48 | L4: 86 | M4: 82
A5: Llama-3-70b-instruct | B5: 65.7 | C5: 57.56 | D5: 65.9 | E5: 65.96 | F5: 1.83 | G5: 1.95 | H5: 0.472 | I5: 0.469 | J5: 52 | K5: 42 | L5: 80 | M5: 70
A6: Gemini-2.5-flash | B6: - | C6: 77.34 | D6: - | E6: 71.6 | F6: - | G6: 1.2706 | H6: - | I6: 0.70459 | J6: - | K6: 60 | L6: - | M6: 82
A7: GPT-5 | B7: - | C7: 82.56 | D7: - | E7: 74 | F7: - | G7: 0.9079 | H7: - | I7: 0.76 | J7: - | K7: 86 | L7: - | M7: 90
A8: Minerva-Llama8B | C8: 52.52 | E8: 72.7 | G8: 0.9725 | I8: 0.21

Sheet NLU Benchmarks
B1: MMLU (Accuracy) | C1: GLUE | M1: SUPER GLUE
A2: Model | C2: cola (mathews_correlation) | D2: sst-2 (Acc) | E2: mrpc (Acc/F1) | F2: qqp (Acc/F1) | G2: mnli-matched (Acc) | H2: mnli-mismatched (Acc) | I2: qnli (Acc) | J2: rte (Acc) | K2: wnli (Acc) | L2: sts-b (Pearson/Spearman) | M2: boolq (Accuracy ) | N2: cb (Accuracy/F1-Score) | O2: copa (Accuracy) | P2: record (F1-Score/Exact Match) | Q2: rte (Accuracy) | R2: wic (Accuracy) | S2: wsc (Accuracy) | T2: wsc.fixed (Accuracy)
A3: GPT-4-turbo | B3: 0.8137 | C3: 0.6852 | D3: 0.9529 | E3: 0.4485 / 0.3362 | F3: 0.6612 / 0.1668 | G3: 0.8376 | H3: 0.8389 | I3: 0.918 | J3: 0.87 | K3: 0.8873 | L3: 0.8777 / 0.8827 | M3: 0.8838 | N3: 0.91 / 0.8118 | O3: 0.99 | P3: 0.78 / 0.7419 | Q3: 0.9 | R3: 0.6677 | S3: 0.4423 | T3: 0.5385
A4: Llama-3-70b-instruct | B4: 0.7638 | C4: 0.628 | D4: 0.9461 | E4: 0.7941 / 0.8439 | F4: 0.8418 / 0.7953 | G4: 0.7289 | H4: 0.7154 | I4: 0.888 | J4: 0.8375 | K4: 0.831 | L4: 0.8419 / 0.8609 | M4: 0.8853 | N4: 0.9464 / 0.89 | O4: 0.99 | P4: 0.7692 / 0.729 | Q4: 0.8231 | R4: 0.6505 | S4: 0.5481 | T4: 0.5481
A5: Gemini-2.5-flash | B5: 0.9093 | C5: 0.6317 | D5: 0.9266 | E5: 0.6421 / 0.6798 | F5: 0.7794 / 0.6385 | G5: 0.8141 | H5: 0.8 | I5: 0.9 | J5: 0.8953 | K5: 0.83 | L5: 0.827 / 0.83 | M5: 0.8917 | N5: 0.7678 / 0.7 | O5: 1 | P5: 0.8 / 0.7694 | Q5: 0.888 | R5: 0.7727 | S5: 0.9326 | T5: 0.9423
A6: GPT-5 | B6: 0.9339 | C6: 0.6759 | D6: 0.9575 | E6: 0.7328 / 0.7947 | F6: 0.8269 / 0.7377 | G6: 0.8143 | H6: 0.8127 | I6: 0.9397 | J6: 0.8483 | K6: 0.8591 | L6: 0.8849 / 0.8865 | M6: 0.9 | N6: 0.7321 / 0.6789 | O6: 1 | P6: 0.8627 / 0.8186 | Q6: 0.8664 | R6: 0.7993 | S6: 0.9711 | T6: 0.98
A7: Minerva-Llama8B | B7: 0.6

Sheet AthenaBench run (Cost)
A1: Model | B1: Task | C1: GPU / $ per hour | D1: Time taken | E1: GPU per hour * time | F1: Cost Per Task | G1: Time stamp (DD-MM-YYYY)
A2: Qwen 3-4B
A3: Qwen3-4B | B3: Athena-ATE | C3: L4 / 0.39 | D3: 6 min (0.1hr) | E3: 0.39 * 0.1 | F3: 0.039 | G3: 45923
A4: Qwen3-4B | B4: Athena-RCM | C4: L4 / 0.39 | D4: 1 h 32 min (1.533 h) | E4: 0.39 * 1.533 | F4: 0.598 | G4: 45923
A5: Qwen3-4B | B5: Athena-RMS | C5: L4 / 0.39 | D5: 12.5 min (0.2083h) | E5: 0.39 * 0.2083 | F5: 0.078 | G5: 45924
A6: Qwen3-4B | B6: Athena-TAA | C6: L4 / 0.39 | D6: 1 min (0.0166) | E6: 0.39 * 0.0166 | F6: 0.0065 | G6: 45924
A7: Qwen3-4B | B7: Athena-VSP | C7: L4 / 0.39 | D7: 11 h 49 min (11.816 h) | E7: 0.39 * 11.816 | F7: 4.6 | G7: 45925
A8: Qwen3-4B | B8: Athena-MCQ | C8: L4 / 0.39 | D8: 14 h 35 min (14.58 h) | E8: 0.39 * 14.58 | F8: 5.68 | G8: 45936
A9: Total Cost of Qwen3-4B on Athena Bench: 10.99 USD
A10: Llama-3.1-8B
A11: Llama-3.1-8B | B11: Athena-ATE | C11: L40 / 1.08 | D11: 19 min (0.317 h) | E11: 1.08 * 0.317 | F11: 0.342 | G11: 45924
A12: Llama-3.1-8B | B12: Athena-RCM | C12: L40 / 1.08 | D12: 2 h 38 min (2.633 h) | E12: 1.08 * 2.633 | F12: 2.843 | G12: 45924
A13: Llama-3.1-8B | B13: Athena-RMS | C13: L40 / 1.08 | D13: 37 min (0.617) | E13: 1.08 * 0.617 | F13: 0.666 | G13: 45924
A14: Llama-3.1-8B | B14: Athena-TAA | C14: L40 / 1.08 | D14: 15 min (0.25 h) | E14: 1.08 * 0.25 | F14: 0.27 | G14: 45924
A15: Llama-3.1-8B | B15: Athena-VSP | C15: L40 / 1.08 | D15: 6 h | E15: 1.08 * 6 | F15: 6.48 | G15: 45925
A16: Llama-3.1-8B | B16: Athena-MCQ | C16: L40 / 1.08 | D16: 6h 43 min | E16: 1.08 * 6.71 | F16: 7.254 | G16: 45935
A17: Total Cost of Llama-3.1-8B on Athena Bench: 17.855 USD
A18: Qwen3-8B
A19: Qwen3-8B | B19: Athena-ATE | C19: L4 / 0.39 | D19: 4h 45 min (4.75h) | E19: 0.39 * 4.75 | F19: 1.825 | G19: 45942
A20: Qwen3-8B | B20: Athena-RCM | C20: L4 / 0.39 | D20: 20h 23min (20.3833h) | E20: 0.39 * 20.3833 | F20: 7.9495 | G20: 45943
A21: Qwen3-8B | B21: Athena-RMS | C21: RTX 5090 / 0.89 | D21: 1h 55 min (1.916h) | E21: 0.89 * 1.916 | F21: 1.705 | G21: 45942
A22: Qwen3-8B | B22: Athena-TAA | C22: RTX 5090 / 0.89 | D22: 1h | E22: 0.89 * 1 | F22: 0.89 | G22: 45943
A23: Qwen3-8B | B23: Athena-VSP | C23: RTX 5090 / 0.89 | D23: 8h 45 min (8.75h) | E23: 0.89 * 8.75 | F23: 7.7875 | G23: 45944
A24: Qwen3-8B | B24: Athena-MCQ | C24: RTX 5090 / 0.89 | D24: 11h 36m (11.6h) | E24: 0.89 * 11.6 | F24: 10.324 | G24: 45943
A25: Total Cost of Qwen3-8B on Athena Bench: 30.481 USD
A26: Qwen3-14B
A27: Qwen3-14B | B27: Athena-ATE | C27: L40S / 0.86 | D27: 3 h 53 min (3.883 h) | E27: 0.86 * 3.883 | F27: 3.339 | G27: 45925
A28: Qwen3-14B | B28: Athena-RCM | C28: A100 / 1.66 | D28: 10 h 30 min (10.5 h) | E28: 1.66 * 10.5 | F28: 17.43 | G28: 45926
A29: Qwen3-14B | B29: Athena-RMS | C29: A100 / 1.66 | D29: 2h 42 min (2.7 h) | E29: 1.66 * 2.7 | F29: 4.482 | G29: 45926
A30: Qwen3-14B | B30: Athena-TAA | C30: A100 / 1.66 | D30: 32 min (0.533 h) | E30: 1.66 * 0.533 | F30: 0.885 | G30: 45926
A31: Qwen3-14B | B31: Athena-VSP | C31: A100 / 1.66 | D31: 13h 35 min ( 13.583 h) | E31: 1.66 * 13.583 | F31: 22.54 | G31: 45927
A32: Qwen3-14B | B32: Athena-MCQ | C32: L40S / 0.86 | D32: 27 h 52 min (27.87 h) | E32: 0.86 * 27.87 | F32: 23.96 | G32: 45938
A33: Total Cost of Qwen3-14B on Athena Bench: 72.636 USD
A34: Llama-3.3-70B
A35: Llama-3.3-70B | B35: Athena-ATE | C35: 2 * A100 / 3.48 | D35: 2 h 20 min (2.333 h) | E35: 3.48 * 2.33 | F35: 8.108 | G35: 45929
A36: Llama-3.3-70B | B36: Athena-RCM | C36: 2 * A100 / 3.48 | D36: 22h 36 min (22.61 h) | E36: 3.48 * 22.61 | F36: 78.6828 | G36: 45930
A37: Llama-3.3-70B | B37: Athena-RMS | C37: 2 * A100 / 3.48 | D37: 2h 47min (2.78h) | E37: 3.48 * 2.78 | F37: 9.686 | G37: 45929
A38: Llama-3.3-70B | B38: Athena-TAA | C38: 2 * A100 / 3.48 | D38: 1 h 32 min | E38: 3.48 * 1.533 | F38: 5.336 | G38: 45929
A39: Llama-3.3-70B | B39: Athena-VSP | C39: 2 * A100 / 3.48 | D39: 43 h 40 min | E39: 3.48 * 43.67 | F39: 151.97 | G39: 45931
A40: Llama-3.3-70B | B40: Athena-MCQ | C40: 2 * A100 / 3.48 | D40: 40h 25 min | E40: 3.48 * 40.416 | F40: 140.65 | G40: 45938
A41: Total Cost of Llama-3.3-70B on Athena Bench: 394.432 USD
A42: Gemini-2.5-flash
A43: Gemini-2.5-flash | B43: Athena-ATE | C43: - | D43: 45 min | E43: - | F43: 3.8474 | G43: 45932
A44: Gemini-2.5-flash | B44: Athena-RCM | C44: - | D44: 3 h | E44: - | F44: 6.413 | G44: 45932
A45: Gemini-2.5-flash | B45: Athena-RMS | C45: - | D45: 2 h | E45: - | F45: 4.7866 | G45: 45932
A46: Gemini-2.5-flash | B46: Athena-TAA | C46: - | D46: 15 min | E46: - | F46: 0.4118 | G46: 45932
A47: Gemini-2.5-flash | B47: Athena-VSP | C47: - | D47: 4 h 30 min | E47: - | F47: 20.6795 | G47: 45932
A48: Gemini-2.5-flash | B48: Athena-MCQ | C48: - | D48: 4 h 45 min | E48: - | F48: 23.1167 | G48: 45933
A49: Total Cost of Gemini-2.5-flash on Athena Bench: 59.255 USD
A50: GPT-4-turbo
A51: GPT-4-turbo | B51: Athena-ATE | C51: - | D51: 5 min | E51: - | F51: 3.91 | G51: 45944
A52: GPT-4-turbo | B52: Athena-RCM | C52: - | D52: 21 min | E52: - | F52: 17.01 | G52: 45944
A53: GPT-4-turbo | B53: Athena-RMS | C53: - | D53: 8 min | E53: - | F53: 5.38 | G53: 45944
A54: GPT-4-turbo | B54: Athena-TAA | C54: - | D54: 2 min | E54: - | F54: 1.67 | G54: 45944
A55: GPT-4-turbo | B55: Athena-VSP | C55: - | D55: 50 min | E55: - | F55: 35.77 | G55: 45944
A56: GPT-4-turbo | B56: Athena-MCQ | C56: - | D56: 44 min | E56: - | F56: 31.87 | G56: 45945
A57: Total Cost of GPT-4-Turbo on Athena Bench: 95.61 USD
A58: Llama-3-70B
A59: Llama-3-70b | B59: Athena-ATE | C59: 2 * A100 / 3.48 | D59: 1h 14 min (1.23h) | E59: 3.48 * 1.23 | F59: 4.28 | G59: 45944
A60: Llama-3-70b | B60: Athena-RCM | C60: 2 * A100 / 3.48 | D60: 12h 10 min (7.17h) | E60: 3.48 * 12.1666 | F60: 42.34 | G60: 45945
A61: Llama-3-70b | B61: Athena-RMS | C61: 2 * A100 / 3.48 | D61: 2h 17 min (2.28h) | E61: 3.48 * 2.28 | F61: 7.93 | G61: 45945
A62: Llama-3-70b | B62: Athena-TAA | C62: 2 * A100 / 3.48 | D62: 50 min (0.833h) | E62: 3.48 * 0.833 | F62: 2.9 | G62: 45944
A63: Llama-3-70b | B63: Athena-VSP | C63: 2 * A100 / 3.48 | D63: 25h 37min (25.6166h) | E63: 3.48 * 25.6166 | F63: 89.146 | G63: 45947
A64: Llama-3-70b | B64: Athena-MCQ | C64: 2 * A100 / 3.48 | D64: 20h 15 min (10.25h) | E64: 3.48 * 20.25 | F64: 70.47 | G64: 45946
A65: Total Cost of Llama-3-70B on Athena Bench: 217 USD
A66: GPT-OSS-20B
A67: GPT-OSS-20B | B67: Athena-ATE | C67: 1 * A100 / 1.74 | D67: 6h 38 min (6.63h) | E67: 1.74 * 6.63 | F67: 11.542 | G67: 45948
A68: GPT-OSS-20B | B68: Athena-RCM | C68: 1 * A100 / 1.74 | D68: 24h 6min (24.1h) | E68: 1.74 * 24.1 | F68: 41.934 | G68: 45949
A69: GPT-OSS-20B | B69: Athena-RMS | C69: 1 * A100 / 1.74 | D69: 5h 58min (5.96h) | E69: 1.74 * 5.966 | F69: 10.382 | G69: 45948
A70: GPT-OSS-20B | B70: Athena-TAA | C70: 1 * A100 / 1.74 | D70: 1h 5 min (1.083h) | E70: 1.74 * 1.083 | F70: 1.885 | G70: 45950
A71: GPT-OSS-20B | B71: Athena-VSP | C71: 1 * A100 / 1.74 | D71: 33h 38 min (33.63h) | E71: 1.74 * 33.633 | F71: 58.522 | G71: 45951
A72: GPT-OSS-20B | B72: Athena-MCQ | C72: 1 * A100 / 1.74 | D72: 31h 56min (31.9333h) | E72: 1.74 * 31.933 | F72: 55.564 | G72: 45950
A73: Total Cost of GPT-OSS-20B on Athena Bench: 179.829 USD
A74: Llama-Primus-Merged (8B)
A75: Llama-Primus-Merged (8B) | B75: Athena-ATE | C75: 1 * L40S / 0.86 | D75: 18 min (0.3h) | E75: 0.86 * 0.3 | F75: 0.258 | G75: 45961
A76: Llama-Primus-Merged (8B) | B76: Athena-RCM | C76: 1 * L40S / 0.86 | D76: 2h 33 min (2.55h) | E76: 0.86 * 2.55 | F76: 2.193 | G76: 45961
A77: Llama-Primus-Merged (8B) | B77: Athena-RMS | C77: 1 * L40S / 0.86 | D77: 37 min (0.61h) | E77: 0.86 * 0.61 | F77: 0.53 | G77: 45961
A78: Llama-Primus-Merged (8B) | B78: Athena-TAA | C78: 1 * L40S / 0.86 | D78: 12 min (0.2h) | E78: 0.86 * 0.2 | F78: 0.17 | G78: 45961
A79: Llama-Primus-Merged (8B) | B79: Athena-VSP | C79: 1 * L40S / 0.86 | D79: 5 h 40 min (5.67h) | E79: 0.86 * 5.67 | F79: 4.87 | G79: 45961
A80: Llama-Primus-Merged (8B) | B80: Athena-MCQ | C80: 1 * L40S / 0.86 | D80: 5h 58 min (5.96h) | E80: 0.86 * 5.96 | F80: 5.1313 | G80: 45961
A81: Total Cost of Llama-Primus-Merged (8B) on Athena Bench: 13.152 USD
A82: Gemini-3-Pro
A83: Gemini-3-Pro | B83: Athena-ATE | C83: - | D83: 4h 32 min | E83: - | F83: 28.76 | G83: 45986
A84: Gemini-3-Pro | B84: Athena-RCM | C84: - | D84: 17h 49 min | E84: - | F84: 93.25 | G84: 45993
A85: Gemini-3-Pro | B85: Athena-RMS | C85: - | D85: 4h 45 min | E85: - | F85: 29.6 | G85: 45985
A86: Gemini-3-Pro | B86: Athena-TAA | C86: - | D86: 1h 8 min | E86: - | F86: 3.19 | G86: 45985
A87: Gemini-3-Pro | B87: Athena-VSP | C87: - | E87: - | F87: 89.22 | G87: 46003
A88: Gemini-3-Pro | B88: Athena-MCQ | C88: - | E88: - | F88: 69.85 | G88: 46016
A89: Total Cost of Gemini-3-Pro on Athena Bench: 313.87 USD
A90: Foundation-Sec-8B-Reasoning
A91: Foundation-Sec-8B-Reasoning | B91: Athena-ATE | C91: 1 * L40S / 0.86 | D91: 2h 10 min | E91: 0.86 * 2.16 | F91: 1.86 | G91: 46063
A92: Foundation-Sec-8B-Reasoning | B92: Athena-RCM | C92: 1 * L40S / 0.86 | D92: 6h 49 min | E92: 0.86 * 6.81 | F92: 5.86 | G92: 46064
A93: Foundation-Sec-8B-Reasoning | B93: Athena-RMS | C93: 1 * L40S / 0.86 | D93: 2h 50 min | E93: 0.86 * 2.83 | F93: 2.43 | G93: 46063
A94: Foundation-Sec-8B-Reasoning | B94: Athena-TAA | C94: 1 * L40S / 0.86 | D94: 25 min | E94: 0.86 * 0.41 | F94: 0.35 | G94: 46063
A95: Foundation-Sec-8B-Reasoning | B95: Athena-VSP | C95: 1 * L40S / 0.86 | D95: 13h 28 min | E95: 0.86 * 13.46 | F95: 11.58 | G95: 46065
A96: Foundation-Sec-8B-Reasoning | B96: Athena-MCQ | C96: 1 * L40S / 0.86 | D96: 12h | E96: 0.86 * 12 | F96: 10.32 | G96: 46064
A97: Total Cost of Foundation-Sec-8B-Reasoning on Athena Bench: 32.4 USD
A98: Qwen2.5-14B-Instruct
A99: Qwen2.5-14B-Instruct | B99: Athena-ATE | C99: 1 * A100 / 1.49 | D99: 24 min | E99: 1.49 * 0.4 | F99: 0.59 | G99: 46065
A100: Qwen2.5-14B-Instruct | B100: Athena-RCM | C100: 1 * A100 / 1.49 | D100: 2h 12 min | E100: 1.49 * 2.2 | F100: 3.27 | G100: 46065
...
